Abbekås  Skurups;kommun; Skåne;län;;;
Abborrträsk  Arvidsjaurs;kommun; Norrbottens;län;;;
Abisko  Kiruna;kommun; Norrbottens;län;;;
Adak  Malå;kommun; Västerbottens;län;;;
Adelsö  Ekerö;kommun; Stockholms;län;;;
Agnesberg  Göteborgs;kommun; Västra;Götalands;län;;
Agunnaryd  Ljungby;kommun; Kronobergs;län;;;
Alafors  Ale;kommun; Västra;Götalands;län;;
Alby  Ånge;kommun; Västernorrlands;län;;;
Alfta  Ovanåkers;kommun; Gävleborgs;län;;;
Alingsås  Alingsås;kommun; Västra;Götalands;län;;
Allerum  Helsingborgs;kommun; Skåne;län;;;
Almunge  Uppsala;kommun; Uppsala;län;;;
Alnö  Sundsvalls;kommun; Västernorrlands;län;;;
Alnarp  Lomma;kommun; Skåne;län;;;
Alsen  Krokoms;kommun; Jämtlands;län;;;
Alsterbro  Nybro;kommun; Kalmar;län;;;
Alstermo  Uppvidinge;kommun; Kronobergs;län;;;
Altersbruk  Piteå;kommun; Norrbottens;län;;;
Alunda  Östhammars;kommun; Uppsala;län;;;
Alvesta  Alvesta;kommun; Kronobergs;län;;;
Alvhem  Ale;kommun; Västra;Götalands;län;;
Ambjörby  Torsby;kommun; Värmlands;län;;;
Ambjörnarp  Tranemo;kommun; Västra;Götalands;län;;
Ammarnäs  Sorsele;kommun; Västerbottens;län;;;
Anderslöv  Trelleborgs;kommun; Skåne;län;;;
Anderstorp  Gislaveds;kommun; Jönköpings;län;;;
Aneby  Aneby;kommun; Jönköpings;län;;;
Angered  Göteborgs;kommun; Västra;Götalands;län;;
Ankarsrum  Västerviks;kommun; Kalmar;län;;;
Ankarsvik  Sundsvalls;kommun; Västernorrlands;län;;;
Anneberg  Nässjö;kommun; Jönköpings;län;;;
Annelöv  Landskrona;kommun; Skåne;län;;;
Annerstad  Ljungby;kommun; Kronobergs;län;;;
Aplared  Borås;kommun; Västra;Götalands;län;;
Arboga  Arboga;kommun; Västmanlands;län;;;
Arbrå  Bollnäs;kommun; Gävleborgs;län;;;
Arholma  Norrtälje;kommun; Stockholms;län;;;
Arild  Höganäs;kommun; Skåne;län;;;
Arjeplog  Arjeplogs;kommun; Norrbottens;län;;;
Arkelstorp  Kristianstads;kommun; Skåne;län;;;
Arlöv  Burlövs;kommun; Skåne;län;;;
Arlandastad  Sigtuna;kommun; Stockholms;län;;;
Arnäsvall  Örnsköldsviks;kommun; Västernorrlands;län;;;
Arnemark  Piteå;kommun; Norrbottens;län;;;
Arvidsjaur  Arvidsjaurs;kommun; Norrbottens;län;;;
Arvika  Arvika;kommun; Värmlands;län;;;
Asarum  Karlshamns;kommun; Blekinge;län;;;
Askersund  Askersunds;kommun; Örebro;län;;;
Askim  Göteborgs;kommun; Västra;Götalands;län;;
Asmundtorp  Landskrona;kommun; Skåne;län;;;
Aspabruk  Askersunds;kommun; Örebro;län;;;
Asperö  Göteborgs;kommun; Västra;Götalands;län;;
Aspås  Krokoms;kommun; Jämtlands;län;;;
Avesta  Avesta;kommun; Dalarnas;län;;;
Axmar  Gävle;kommun; Gävleborgs;län;;;
Axvall  Skara;kommun; Västra;Götalands;län;;
Backaryd  Ronneby;kommun; Blekinge;län;;;
Backe  Strömsunds;kommun; Jämtlands;län;;;
Bagarmossen  Stockholms;kommun; Stockholms;län;;;
Ballingslöv  Hässleholms;kommun; Skåne;län;;;
Bandhagen  Stockholms;kommun; Stockholms;län;;;
Bankeryd  Jönköpings;kommun; Jönköpings;län;;;
Bara  Svedala;kommun; Skåne;län;;;
Barsebäck  Kävlinge;kommun; Skåne;län;;;
Barsele  Storumans;kommun; Västerbottens;län;;;
Bastuträsk  Norsjö;kommun; Västerbottens;län;;;
Beddingestrand  Trelleborgs;kommun; Skåne;län;;;
Bengtsfors  Bengtsfors;kommun; Västra;Götalands;län;;
Berga  Högsby;kommun; Kalmar;län;;;
Bergby  Gävle;kommun; Gävleborgs;län;;;
Bergeforsen  Timrå;kommun; Västernorrlands;län;;;
Berghem  Marks;kommun; Västra;Götalands;län;;
Bergkvara  Torsås;kommun; Kalmar;län;;;
Bergshamra  Norrtälje;kommun; Stockholms;län;;;
Bergsjö  Nordanstigs;kommun; Gävleborgs;län;;;
Bergvik  Söderhamns;kommun; Gävleborgs;län;;;
Bettna  Flens;kommun; Södermanlands;län;;;
Billdal  Göteborgs;kommun; Västra;Götalands;län;;
Billeberga  Svalövs;kommun; Skåne;län;;;
Billesholm  Bjuvs;kommun; Skåne;län;;;
Billinge  Eslövs;kommun; Skåne;län;;;
Billingsfors  Bengtsfors;kommun; Västra;Götalands;län;;
Bispgården  Ragunda;kommun; Jämtlands;län;;;
Bjuråker  Hudiksvalls;kommun; Gävleborgs;län;;;
Bjurholm  Bjurholms;kommun; Västerbottens;län;;;
Bjursås  Falu;kommun; Dalarnas;län;;;
Bjuv  Bjuvs;kommun; Skåne;län;;;
Bjärnum  Hässleholms;kommun; Skåne;län;;;
Bjärred  Lomma;kommun; Skåne;län;;;
Bjärtrå  Kramfors;kommun; Västernorrlands;län;;;
Bjästa  Örnsköldsviks;kommun; Västernorrlands;län;;;
Björbo  Gagnefs;kommun; Dalarnas;län;;;
Björketorp  Marks;kommun; Västra;Götalands;län;;
Björkliden  Kiruna;kommun; Norrbottens;län;;;
Björklinge  Uppsala;kommun; Uppsala;län;;;
Björksele  Lycksele;kommun; Västerbottens;län;;;
Björkvik  Katrineholms;kommun; Södermanlands;län;;;
Björkö  Norrtälje;kommun; Stockholms;län;;;
Björköby  Vetlanda;kommun; Jönköpings;län;;;
Björna  Örnsköldsviks;kommun; Västernorrlands;län;;;
Björneborg  Kristinehamns;kommun; Värmlands;län;;;
Björnlunda  Gnesta;kommun; Södermanlands;län;;;
Blåsmark  Piteå;kommun; Norrbottens;län;;;
Blåviksjön  Lycksele;kommun; Västerbottens;län;;;
Blackstad  Västerviks;kommun; Kalmar;län;;;
Blankaholm  Västerviks;kommun; Kalmar;län;;;
Blattnicksele  Sorsele;kommun; Västerbottens;län;;;
Bleket  Tjörns;kommun; Västra;Götalands;län;;
Blentarp  Sjöbo;kommun; Skåne;län;;;
Blidsberg  Ulricehamns;kommun; Västra;Götalands;län;;
Blidö  Norrtälje;kommun; Stockholms;län;;;
Blomstermåla  Mönsterås;kommun; Kalmar;län;;;
Bockara  Oskarshamns;kommun; Kalmar;län;;;
Boda;Glasbruk  Emmaboda;kommun; Kalmar;län;;
Boda;Kyrkby  Rättviks;kommun; Dalarnas;län;;
Bodafors  Nässjö;kommun; Jönköpings;län;;;
Boden  Bodens;kommun; Norrbottens;län;;;
Bograngen  Torsby;kommun; Värmlands;län;;;
Bohus  Ale;kommun; Västra;Götalands;län;;
Bohus-Björkö  Öckerö;kommun; Västra;Götalands;län;;
Bohus-Malmön  Sotenäs;kommun; Västra;Götalands;län;;
Boliden  Skellefteå;kommun; Västerbottens;län;;;
Bollebygd  Bollebygds;kommun; Västra;Götalands;län;;
Bollnäs  Bollnäs;kommun; Gävleborgs;län;;;
Bollstabruk  Kramfors;kommun; Västernorrlands;län;;;
Bolmsö  Ljungby;kommun; Kronobergs;län;;;
Bonässund  Örnsköldsviks;kommun; Västernorrlands;län;;;
Bor  Värnamo;kommun; Jönköpings;län;;;
Borensberg  Motala;kommun; Östergötlands;län;;;
Borgafjäll  Dorotea;kommun; Västerbottens;län;;;
Borghamn  Vadstena;kommun; Östergötlands;län;;;
Borgholm  Borgholms;kommun; Kalmar;län;;;
Borgstena  Borås;kommun; Västra;Götalands;län;;
Borgvik  Grums;kommun; Värmlands;län;;;
Borlänge  Borlänge;kommun; Dalarnas;län;;;
Borrby  Simrishamns;kommun; Skåne;län;;;
Borås  Borås;kommun; Västra;Götalands;län;;
Botsmark  Umeå;kommun; Västerbottens;län;;;
Bottnaryd  Jönköpings;kommun; Jönköpings;län;;;
Bovallstrand  Sotenäs;kommun; Västra;Götalands;län;;
Boxholm  Boxholms;kommun; Östergötlands;län;;;
Braås  Växjö;kommun; Kronobergs;län;;;
Brandbergen  Haninge;kommun; Stockholms;län;;;
Brandstorp  Habo;kommun; Jönköpings;län;;;
Brantevik  Simrishamns;kommun; Skåne;län;;;
Brastad  Lysekils;kommun; Västra;Götalands;län;;
Bredared  Borås;kommun; Västra;Götalands;län;;
Bredaryd  Värnamo;kommun; Jönköpings;län;;;
Bredbyn  Örnsköldsviks;kommun; Västernorrlands;län;;;
Brevens;Bruk  Örebro;kommun; Örebro;län;;
Bro  Upplands-Bro;kommun; Stockholms;län;;;
Broakulla  Emmaboda;kommun; Kalmar;län;;;
Broaryd  Gislaveds;kommun; Jönköpings;län;;;
Broby  Östra;Göinge;kommun; Skåne;län;;
Broddetorp  Falköpings;kommun; Västra;Götalands;län;;
Brokind  Linköpings;kommun; Östergötlands;län;;;
Bromma  Stockholms;kommun; Stockholms;län;;;
Bromölla  Bromölla;kommun; Skåne;län;;;
Brottby  Vallentuna;kommun; Stockholms;län;;;
Bruksvallarna  Härjedalens;kommun; Jämtlands;län;;;
Brunflo  Östersunds;kommun; Jämtlands;län;;;
Brunskog  Arvika;kommun; Värmlands;län;;;
Bruzaholm  Eksjö;kommun; Jönköpings;län;;;
Brålanda  Vänersborgs;kommun; Västra;Götalands;län;;
Bräcke  Bräcke;kommun; Jämtlands;län;;;
Bräkne-Hoby  Ronneby;kommun; Blekinge;län;;;
Brämhult  Borås;kommun; Västra;Götalands;län;;
Brännö  Göteborgs;kommun; Västra;Götalands;län;;
Brösarp  Tomelilla;kommun; Skåne;län;;;
Bua  Varbergs;kommun; Hallands;län;;;
Bullaren  Tanums;kommun; Västra;Götalands;län;;
Bullmark  Umeå;kommun; Västerbottens;län;;;
Bunkeflostrand  Malmö;kommun; Skåne;län;;;
Bureå  Skellefteå;kommun; Västerbottens;län;;;
Burgsvik  Gotlands;kommun; Gotlands;län;;;
Burseryd  Gislaveds;kommun; Jönköpings;län;;;
Burträsk  Skellefteå;kommun; Västerbottens;län;;;
By;Kyrkby  Avesta;kommun; Dalarnas;län;;
Bygdeå  Robertsfors;kommun; Västerbottens;län;;;
Bygdsiljum  Skellefteå;kommun; Västerbottens;län;;;
Byske  Skellefteå;kommun; Västerbottens;län;;;
Byxelkrok  Borgholms;kommun; Kalmar;län;;;
Bålsta  Håbo;kommun; Uppsala;län;;;
Båstad  Båstads;kommun; Skåne;län;;;
Båtskärsnäs  Kalix;kommun; Norrbottens;län;;;
Bäckefors  Bengtsfors;kommun; Västra;Götalands;län;;
Bälinge  Uppsala;kommun; Uppsala;län;;;
Charlottenberg  Eda;kommun; Värmlands;län;;;
Dösjebro  Kävlinge;kommun; Skåne;län;;;
Dala-Floda  Gagnefs;kommun; Dalarnas;län;;;
Dala-Husby  Hedemora;kommun; Dalarnas;län;;;
Dala-Järna  Vansbro;kommun; Dalarnas;län;;;
Dalarö  Haninge;kommun; Stockholms;län;;;
Dalby  Lunds;kommun; Skåne;län;;;
Dalhem  Gotlands;kommun; Gotlands;län;;;
Dals;Långed  Bengtsfors;kommun; Västra;Götalands;län;
Dals;Rostock  Melleruds;kommun; Västra;Götalands;län;
Dalsjöfors  Borås;kommun; Västra;Götalands;län;;
Dalskog  Melleruds;kommun; Västra;Götalands;län;;
Dalstorp  Tranemo;kommun; Västra;Götalands;län;;
Dalum  Ulricehamns;kommun; Västra;Götalands;län;;
Danderyd  Danderyds;kommun; Stockholms;län;;;
Dannike  Borås;kommun; Västra;Götalands;län;;
Degeberga  Kristianstads;kommun; Skåne;län;;;
Degerfors  Degerfors;kommun; Örebro;län;;;
Degerhamn  Mörbylånga;kommun; Kalmar;län;;;
Deje  Forshaga;kommun; Värmlands;län;;;
Delsbo  Hudiksvalls;kommun; Gävleborgs;län;;;
Diö  Älmhults;kommun; Kronobergs;län;;;
Dikanäs  Vilhelmina;kommun; Västerbottens;län;;;
Dingle  Munkedals;kommun; Västra;Götalands;län;;
Djura  Leksands;kommun; Dalarnas;län;;;
Djurhamn  Värmdö;kommun; Stockholms;län;;;
Djurmo  Gagnefs;kommun; Dalarnas;län;;;
Djursholm  Danderyds;kommun; Stockholms;län;;;
Djurås  Gagnefs;kommun; Dalarnas;län;;;
Docksta  Kramfors;kommun; Västernorrlands;län;;;
Domsjö  Örnsköldsviks;kommun; Västernorrlands;län;;;
Donsö  Göteborgs;kommun; Västra;Götalands;län;;
Dorotea  Dorotea;kommun; Västerbottens;län;;;
Drottningholm  Ekerö;kommun; Stockholms;län;;;
Drottningskär  Karlskrona;kommun; Blekinge;län;;;
Duved  Åre;kommun; Jämtlands;län;;;
Dvärsätt  Krokoms;kommun; Jämtlands;län;;;
Dyltabruk  Örebro;kommun; Örebro;län;;;
Dyrön  Tjörns;kommun; Västra;Götalands;län;;
Ed  Dals-Eds;kommun; Västra;Götalands;län;;
Edane  Arvika;kommun; Värmlands;län;;;
Edsbro  Norrtälje;kommun; Stockholms;län;;;
Edsbruk  Västerviks;kommun; Kalmar;län;;;
Edsbyn  Ovanåkers;kommun; Gävleborgs;län;;;
Edsele  Sollefteå;kommun; Västernorrlands;län;;;
Edsvalla  Karlstads;kommun; Värmlands;län;;;
Ekeby  Bjuvs;kommun; Skåne;län;;;
Ekenässjön  Vetlanda;kommun; Jönköpings;län;;;
Ekerö  Ekerö;kommun; Stockholms;län;;;
Eket  Örkelljunga;kommun; Skåne;län;;;
Ekolsund  Enköpings;kommun; Uppsala;län;;;
Ekshärad  Hagfors;kommun; Värmlands;län;;;
Eksjö  Eksjö;kommun; Jönköpings;län;;;
Eldsberga  Halmstads;kommun; Hallands;län;;;
Ellös  Orusts;kommun; Västra;Götalands;län;;
Emmaboda  Emmaboda;kommun; Kalmar;län;;;
Enebyberg  Danderyds;kommun; Stockholms;län;;;
Eneryda  Älmhults;kommun; Kronobergs;län;;;
Enhörna  Södertälje;kommun; Stockholms;län;;;
Enköping  Enköpings;kommun; Uppsala;län;;;
Enskede  Stockholms;kommun; Stockholms;län;;;
Enskede;Gård  Stockholms;kommun; Stockholms;län;;
Enskededalen  Stockholms;kommun; Stockholms;län;;;
Enstaberga  Nyköpings;kommun; Södermanlands;län;;;
Enviken  Falu;kommun; Dalarnas;län;;;
Enånger  Hudiksvalls;kommun; Gävleborgs;län;;;
Erikslund  Ånge;kommun; Västernorrlands;län;;;
Eriksmåla  Emmaboda;kommun; Kalmar;län;;;
Eringsboda  Ronneby;kommun; Blekinge;län;;;
Ersmark  Skellefteå;kommun; Västerbottens;län;;;
Ervalla  Örebro;kommun; Örebro;län;;;
Eskilstuna  Eskilstuna;kommun; Södermanlands;län;;;
Eslöv  Eslövs;kommun; Skåne;län;;;
Everöd  Kristianstads;kommun; Skåne;län;;;
Fagerfjäll  Tjörns;kommun; Västra;Götalands;län;;
Fagerås  Kils;kommun; Värmlands;län;;;
Fagerhult  Högsby;kommun; Kalmar;län;;;
Fagersanna  Tibro;kommun; Västra;Götalands;län;;
Fagersta  Fagersta;kommun; Västmanlands;län;;;
Fagervik  Timrå;kommun; Västernorrlands;län;;;
Falkenberg  Falkenbergs;kommun; Hallands;län;;;
Falköping  Falköpings;kommun; Västra;Götalands;län;;
Falsterbo  Vellinge;kommun; Skåne;län;;;
Falun  Falu;kommun; Dalarnas;län;;;
Farhult  Höganäs;kommun; Skåne;län;;;
Farsta  Stockholms;kommun; Stockholms;län;;;
Fegen  Falkenbergs;kommun; Hallands;län;;;
Fellingsbro  Lindesbergs;kommun; Örebro;län;;;
Fengersfors  Åmåls;kommun; Västra;Götalands;län;;
Figeholm  Oskarshamns;kommun; Kalmar;län;;;
Filipstad  Filipstads;kommun; Värmlands;län;;;
Finja  Hässleholms;kommun; Skåne;län;;;
Finnerödja  Laxå;kommun; Örebro;län;;;
Finspång  Finspångs;kommun; Östergötlands;län;;;
Fiskebäckskil  Lysekils;kommun; Västra;Götalands;län;;
Fjugesta  Lekebergs;kommun; Örebro;län;;;
Fjälkinge  Kristianstads;kommun; Skåne;län;;;
Fjällbacka  Tanums;kommun; Västra;Götalands;län;;
Fjärdhundra  Enköpings;kommun; Uppsala;län;;;
Fjärås  Kungsbacka;kommun; Hallands;län;;;
Flarken  Robertsfors;kommun; Västerbottens;län;;;
Flen  Flens;kommun; Södermanlands;län;;;
Fleninge  Helsingborgs;kommun; Skåne;län;;;
Flisby  Nässjö;kommun; Jönköpings;län;;;
Fliseryd  Mönsterås;kommun; Kalmar;län;;;
Floby  Falköpings;kommun; Västra;Götalands;län;;
Floda  Lerums;kommun; Västra;Götalands;län;;
Flyinge  Eslövs;kommun; Skåne;län;;;
Folkärna  Avesta;kommun; Dalarnas;län;;;
Fornåsa  Motala;kommun; Östergötlands;län;;;
Fors  Avesta;kommun; Dalarnas;län;;;
Forsa  Hudiksvalls;kommun; Gävleborgs;län;;;
Forsbacka  Gävle;kommun; Gävleborgs;län;;;
Forserum  Nässjö;kommun; Jönköpings;län;;;
Forshaga  Forshaga;kommun; Värmlands;län;;;
Forsheda  Värnamo;kommun; Jönköpings;län;;;
Forsvik  Karlsborgs;kommun; Västra;Götalands;län;;
Fotskäl  Marks;kommun; Västra;Götalands;län;;
Fotö  Öckerö;kommun; Västra;Götalands;län;;
Fredrika  Åsele;kommun; Västerbottens;län;;;
Fredriksberg  Ludvika;kommun; Dalarnas;län;;;
Fredriksdal  Nässjö;kommun; Jönköpings;län;;;
Frillesås  Kungsbacka;kommun; Hallands;län;;;
Frinnaryd  Aneby;kommun; Jönköpings;län;;;
Fristad  Borås;kommun; Västra;Götalands;län;;
Fritsla  Marks;kommun; Västra;Götalands;län;;
Frufällan  Borås;kommun; Västra;Götalands;län;;
Frändefors  Vänersborgs;kommun; Västra;Götalands;län;;
Fränsta  Ånge;kommun; Västernorrlands;län;;;
Fröseke  Uppvidinge;kommun; Kronobergs;län;;;
Frösön  Östersunds;kommun; Jämtlands;län;;;
Frövi  Lindesbergs;kommun; Örebro;län;;;
Funäsdalen  Härjedalens;kommun; Jämtlands;län;;;
Furudal  Rättviks;kommun; Dalarnas;län;;;
Furulund  Kävlinge;kommun; Skåne;län;;;
Furusund  Norrtälje;kommun; Stockholms;län;;;
Furuvik  Gävle;kommun; Gävleborgs;län;;;
Fågelfors  Högsby;kommun; Kalmar;län;;;
Fågelmara  Karlskrona;kommun; Blekinge;län;;;
Fåker  Östersunds;kommun; Jämtlands;län;;;
Fårbo  Oskarshamns;kommun; Kalmar;län;;;
Fårö  Gotlands;kommun; Gotlands;län;;;
Fårösund  Gotlands;kommun; Gotlands;län;;;
Fällfors  Skellefteå;kommun; Västerbottens;län;;;
Färentuna  Ekerö;kommun; Stockholms;län;;;
Färgelanda  Färgelanda;kommun; Västra;Götalands;län;;
Färila  Ljusdals;kommun; Gävleborgs;län;;;
Färjestaden  Mörbylånga;kommun; Kalmar;län;;;
Färlöv  Kristianstads;kommun; Skåne;län;;;
Färnäs  Mora;kommun; Dalarnas;län;;;
Föllinge  Krokoms;kommun; Jämtlands;län;;;
Förslöv  Båstads;kommun; Skåne;län;;;
Gärds;Köpinge  Kristianstads;kommun; Skåne;län;;
Gärsnäs  Simrishamns;kommun; Skåne;län;;;
Gästrike-Hammarby  Sandvikens;kommun; Gävleborgs;län;;;
Gävle  Gävle;kommun; Gävleborgs;län;;;
Göta  Lilla;Edets;kommun; Västra;Götalands;län;
Göteborg  Göteborgs;kommun; Västra;Götalands;län;;
Götene  Götene;kommun; Västra;Götalands;län;;
Gagnef  Gagnefs;kommun; Dalarnas;län;;;
Gamleby  Västerviks;kommun; Kalmar;län;;;
Gammalkil  Linköpings;kommun; Östergötlands;län;;;
Gammelstad  Luleå;kommun; Norrbottens;län;;;
Gantofta  Helsingborgs;kommun; Skåne;län;;;
Gargnäs  Sorsele;kommun; Västerbottens;län;;;
Garpenberg  Hedemora;kommun; Dalarnas;län;;;
Garphyttan  Örebro;kommun; Örebro;län;;;
Garsås  Mora;kommun; Dalarnas;län;;;
Gemla  Växjö;kommun; Kronobergs;län;;;
Genarp  Lunds;kommun; Skåne;län;;;
Genevad  Laholms;kommun; Hallands;län;;;
Getinge  Halmstads;kommun; Hallands;län;;;
Gideå  Örnsköldsviks;kommun; Västernorrlands;län;;;
Gimo  Östhammars;kommun; Uppsala;län;;;
Gislaved  Gislaveds;kommun; Jönköpings;län;;;
Glanshammar  Örebro;kommun; Örebro;län;;;
Glava  Arvika;kommun; Värmlands;län;;;
Glemmingebro  Ystads;kommun; Skåne;län;;;
Glimåkra  Östra;Göinge;kommun; Skåne;län;;
Glommen  Falkenbergs;kommun; Hallands;län;;;
Glommersträsk  Arvidsjaurs;kommun; Norrbottens;län;;;
Glumslöv  Landskrona;kommun; Skåne;län;;;
Gnarp  Nordanstigs;kommun; Gävleborgs;län;;;
Gnesta  Gnesta;kommun; Södermanlands;län;;;
Gnosjö  Gnosjö;kommun; Jönköpings;län;;;
Gotlands;Tofta  Gotlands;kommun; Gotlands;län;;
Granbergsdal  Karlskoga;kommun; Örebro;län;;;
Grangärde  Ludvika;kommun; Dalarnas;län;;;
Granö  Vindelns;kommun; Västerbottens;län;;;
Graninge  Sollefteå;kommun; Västernorrlands;län;;;
Grebbestad  Tanums;kommun; Västra;Götalands;län;;
Grevie  Båstads;kommun; Skåne;län;;;
Grillby  Enköpings;kommun; Uppsala;län;;;
Grimeton  Varbergs;kommun; Hallands;län;;;
Grimslöv  Alvesta;kommun; Kronobergs;län;;;
Grimstorp  Nässjö;kommun; Jönköpings;län;;;
Grimsås  Tranemo;kommun; Västra;Götalands;län;;
Grinda  Värmdö;kommun; Stockholms;län;;;
Grisslehamn  Norrtälje;kommun; Stockholms;län;;;
Grums  Grums;kommun; Värmlands;län;;;
Grundsund  Lysekils;kommun; Västra;Götalands;län;;
Grycksbo  Falu;kommun; Dalarnas;län;;;
Gryt  Valdemarsviks;kommun; Östergötlands;län;;;
Grytgöl  Finspångs;kommun; Östergötlands;län;;;
Grythyttan  Hällefors;kommun; Örebro;län;;;
Gråbo  Lerums;kommun; Västra;Götalands;län;;
Gräddö  Norrtälje;kommun; Stockholms;län;;;
Grängesberg  Ludvika;kommun; Dalarnas;län;;;
Gränna  Jönköpings;kommun; Jönköpings;län;;;
Gränö  Haninge;kommun; Stockholms;län;;;
Gräsmark  Sunne;kommun; Värmlands;län;;;
Gräsmyr  Nordmalings;kommun; Västerbottens;län;;;
Grästorp  Grästorps;kommun; Västra;Götalands;län;;
Gräsö  Östhammars;kommun; Uppsala;län;;;
Grödinge  Botkyrka;kommun; Stockholms;län;;;
Grönahög  Ulricehamns;kommun; Västra;Götalands;län;;
Grönskåra  Högsby;kommun; Kalmar;län;;;
Grötö  Öckerö;kommun; Västra;Götalands;län;;
Gualöv  Bromölla;kommun; Skåne;län;;;
Gudhem  Falköpings;kommun; Västra;Götalands;län;;
Guldsmedshyttan  Lindesbergs;kommun; Örebro;län;;;
Gullabo  Torsås;kommun; Kalmar;län;;;
Gullaskruv  Nybro;kommun; Kalmar;län;;;
Gullbrandstorp  Halmstads;kommun; Hallands;län;;;
Gullholmen  Orusts;kommun; Västra;Götalands;län;;
Gullringen  Vimmerby;kommun; Kalmar;län;;;
Gullspång  Gullspångs;kommun; Västra;Götalands;län;;
Gunnarn  Storumans;kommun; Västerbottens;län;;;
Gunnarsbyn  Bodens;kommun; Norrbottens;län;;;
Gunnarskog  Arvika;kommun; Värmlands;län;;;
Gunnebo  Västerviks;kommun; Kalmar;län;;;
Gunnilse  Göteborgs;kommun; Västra;Götalands;län;;
Gusselby  Lindesbergs;kommun; Örebro;län;;;
Gustafs  Säters;kommun; Dalarnas;län;;;
Gustavsberg  Nacka;kommun; Stockholms;län;;;
Gustavsfors  Bengtsfors;kommun; Västra;Götalands;län;;
Gusum  Valdemarsviks;kommun; Östergötlands;län;;;
Gysinge  Sandvikens;kommun; Gävleborgs;län;;;
Gyttorp  Nora;kommun; Örebro;län;;;
Gålö  Haninge;kommun; Stockholms;län;;;
Gånghester  Borås;kommun; Västra;Götalands;län;;
Gårdsjö  Gullspångs;kommun; Västra;Götalands;län;;
Gäddede  Strömsunds;kommun; Jämtlands;län;;;
Gällivare  Gällivare;kommun; Norrbottens;län;;;
Gällnöby  Värmdö;kommun; Stockholms;län;;;
Gällstad  Ulricehamns;kommun; Västra;Götalands;län;;
Gällö  Bräcke;kommun; Jämtlands;län;;;
Habo  Habo;kommun; Jönköpings;län;;;
Hackås  Bergs;kommun; Jämtlands;län;;;
Hagfors  Hagfors;kommun; Värmlands;län;;;
Hajom  Marks;kommun; Västra;Götalands;län;;
Hakenäset  Tjörns;kommun; Västra;Götalands;län;;
Hakkas  Gällivare;kommun; Norrbottens;län;;;
Hallabro  Ronneby;kommun; Blekinge;län;;;
Hallaryd  Älmhults;kommun; Kronobergs;län;;;
Hallaröd  Höörs;kommun; Skåne;län;;;
Hallen  Åre;kommun; Jämtlands;län;;;
Hallsberg  Hallsbergs;kommun; Örebro;län;;;
Hallstahammar  Hallstahammars;kommun; Västmanlands;län;;;
Hallstavik  Norrtälje;kommun; Stockholms;län;;;
Halltorp  Kalmar;kommun; Kalmar;län;;;
Halmstad  Halmstads;kommun; Hallands;län;;;
Hamburgsund  Tanums;kommun; Västra;Götalands;län;;
Hammar  Askersunds;kommun; Örebro;län;;;
Hammarstrand  Ragunda;kommun; Jämtlands;län;;;
Hammarö  Hammarö;kommun; Värmlands;län;;;
Hammenhög  Simrishamns;kommun; Skåne;län;;;
Hammerdal  Strömsunds;kommun; Jämtlands;län;;;
Hamneda  Ljungby;kommun; Kronobergs;län;;;
Hamra  Ljusdals;kommun; Gävleborgs;län;;;
Hamrångefjärden  Gävle;kommun; Gävleborgs;län;;;
Hanaskog  Östra;Göinge;kommun; Skåne;län;;
Handen  Haninge;kommun; Stockholms;län;;;
Haninge  Haninge;kommun; Stockholms;län;;;
Haparanda  Haparanda;kommun; Norrbottens;län;;;
Harads  Bodens;kommun; Norrbottens;län;;;
Harbo  Heby;kommun; Uppsala;län;;;
Harestad  Kungälvs;kommun; Västra;Götalands;län;;
Hargshamn  Östhammars;kommun; Uppsala;län;;;
Harlösa  Eslövs;kommun; Skåne;län;;;
Harmånger  Nordanstigs;kommun; Gävleborgs;län;;;
Harplinge  Halmstads;kommun; Hallands;län;;;
Harö  Värmdö;kommun; Stockholms;län;;;
Hassela  Nordanstigs;kommun; Gävleborgs;län;;;
Hasselfors  Laxå;kommun; Örebro;län;;;
Hasslarp  Helsingborgs;kommun; Skåne;län;;;
Hasslö  Karlskrona;kommun; Blekinge;län;;;
Havdhem  Gotlands;kommun; Gotlands;län;;;
Haverdal  Halmstads;kommun; Hallands;län;;;
Havstenssund  Tanums;kommun; Västra;Götalands;län;;
Heberg  Falkenbergs;kommun; Hallands;län;;;
Heby  Heby;kommun; Uppsala;län;;;
Hedared  Borås;kommun; Västra;Götalands;län;;
Hede  Härjedalens;kommun; Jämtlands;län;;;
Hedekas  Munkedals;kommun; Västra;Götalands;län;;
Hedemora  Hedemora;kommun; Dalarnas;län;;;
Hedenäset  Övertorneå;kommun; Norrbottens;län;;;
Hedesunda  Gävle;kommun; Gävleborgs;län;;;
Helgum  Sollefteå;kommun; Västernorrlands;län;;;
Helsingborg  Helsingborgs;kommun; Skåne;län;;;
Hemavan  Storumans;kommun; Västerbottens;län;;;
Hemmingsmark  Piteå;kommun; Norrbottens;län;;;
Hemse  Gotlands;kommun; Gotlands;län;;;
Henån  Orusts;kommun; Västra;Götalands;län;;
Herrljunga  Herrljunga;kommun; Västra;Götalands;län;;
Herräng  Norrtälje;kommun; Stockholms;län;;;
Hestra  Gislaveds;kommun; Jönköpings;län;;;
Hillared  Svenljunga;kommun; Västra;Götalands;län;;
Hillerstorp  Gnosjö;kommun; Jönköpings;län;;;
Hindås  Härryda;kommun; Västra;Götalands;län;;
Hishult  Laholms;kommun; Hallands;län;;;
Hisings;Backa  Göteborgs;kommun; Västra;Götalands;län;
Hisings;Kärra  Göteborgs;kommun; Västra;Götalands;län;
Hjälteby  Tjörns;kommun; Västra;Götalands;län;;
Hjältevad  Eksjö;kommun; Jönköpings;län;;;
Hjärnarp  Ängelholms;kommun; Skåne;län;;;
Hjärtum  Lilla;Edets;kommun; Västra;Götalands;län;
Hjärup  Staffanstorps;kommun; Skåne;län;;;
Hjo  Hjo;kommun; Västra;Götalands;län;;
Hjorted  Västerviks;kommun; Kalmar;län;;;
Hjortkvarn  Hallsbergs;kommun; Örebro;län;;;
Hjortsberga  Alvesta;kommun; Kronobergs;län;;;
Hofors  Hofors;kommun; Gävleborgs;län;;;
Hok  Vaggeryds;kommun; Jönköpings;län;;;
Holm  Halmstads;kommun; Hallands;län;;;
Holmsjö  Karlskrona;kommun; Blekinge;län;;;
Holmsund  Umeå;kommun; Västerbottens;län;;;
Holmsveden  Söderhamns;kommun; Gävleborgs;län;;;
Holmön  Umeå;kommun; Västerbottens;län;;;
Holsbybrunn  Vetlanda;kommun; Jönköpings;län;;;
Holsljunga  Svenljunga;kommun; Västra;Götalands;län;;
Horda  Värnamo;kommun; Jönköpings;län;;;
Horn  Kinda;kommun; Östergötlands;län;;;
Horndal  Avesta;kommun; Dalarnas;län;;;
Hornmyr  Lycksele;kommun; Västerbottens;län;;;
Horred  Marks;kommun; Västra;Götalands;län;;
Hortlax  Piteå;kommun; Norrbottens;län;;;
Hoting  Strömsunds;kommun; Jämtlands;län;;;
Hova  Gullspångs;kommun; Västra;Götalands;län;;
Hovmantorp  Lessebo;kommun; Kronobergs;län;;;
Hovås  Göteborgs;kommun; Västra;Götalands;län;;
Huaröd  Kristianstads;kommun; Skåne;län;;;
Huddinge  Huddinge;kommun; Stockholms;län;;;
Huddungeby  Heby;kommun; Uppsala;län;;;
Hudiksvall  Hudiksvalls;kommun; Gävleborgs;län;;;
Hult  Eksjö;kommun; Jönköpings;län;;;
Hultafors  Bollebygds;kommun; Västra;Götalands;län;;
Hultsfred  Hultsfreds;kommun; Kalmar;län;;;
Hunnebostrand  Sotenäs;kommun; Västra;Götalands;län;;
Husarö  Österåkers;kommun; Stockholms;län;;;
Husby-Rekarne  Eskilstuna;kommun; Södermanlands;län;;;
Huskvarna  Jönköpings;kommun; Jönköpings;län;;;
Husum  Örnsköldsviks;kommun; Västernorrlands;län;;;
Hyllinge  Åstorps;kommun; Skåne;län;;;
Hyltebruk  Hylte;kommun; Hallands;län;;;
Hyppeln  Öckerö;kommun; Västra;Götalands;län;;
Hyssna  Marks;kommun; Västra;Götalands;län;;
Håcksvik  Svenljunga;kommun; Västra;Götalands;län;;
Håknäs  Nordmalings;kommun; Västerbottens;län;;;
Hålanda  Ale;kommun; Västra;Götalands;län;;
Hållnäs  Tierps;kommun; Uppsala;län;;;
Hållsta  Eskilstuna;kommun; Södermanlands;län;;;
Hålta  Kungälvs;kommun; Västra;Götalands;län;;
Hårsfjärden  Haninge;kommun; Stockholms;län;;;
Håverud  Melleruds;kommun; Västra;Götalands;län;;
Hägersten  Stockholms;kommun; Stockholms;län;;;
Häggeby  Håbo;kommun; Uppsala;län;;;
Häggenås  Östersunds;kommun; Jämtlands;län;;;
Häljarp  Landskrona;kommun; Skåne;län;;;
Hällaström  Åsele;kommun; Västerbottens;län;;;
Hällefors  Hällefors;kommun; Örebro;län;;;
Hälleforsnäs  Flens;kommun; Södermanlands;län;;;
Hällekis  Götene;kommun; Västra;Götalands;län;;
Hällestad  Finspångs;kommun; Östergötlands;län;;;
Hällevadsholm  Munkedals;kommun; Västra;Götalands;län;;
Hälleviksstrand  Orusts;kommun; Västra;Götalands;län;;
Hällingsjö  Härryda;kommun; Västra;Götalands;län;;
Hällnäs  Vindelns;kommun; Västerbottens;län;;;
Hälsö  Öckerö;kommun; Västra;Götalands;län;;
Häradsbäck  Älmhults;kommun; Kronobergs;län;;;
Härnösand  Härnösands;kommun; Västernorrlands;län;;;
Härryda  Härryda;kommun; Västra;Götalands;län;;
Härslöv  Landskrona;kommun; Skåne;län;;;
Hässelby  Stockholms;kommun; Stockholms;län;;;
Hässleholm  Hässleholms;kommun; Skåne;län;;;
Hästveda  Hässleholms;kommun; Skåne;län;;;
Höganäs  Höganäs;kommun; Skåne;län;;;
Högland  Dorotea;kommun; Västerbottens;län;;;
Högsby  Högsby;kommun; Kalmar;län;;;
Högsjö  Vingåkers;kommun; Södermanlands;län;;;
Högsäter  Färgelanda;kommun; Västra;Götalands;län;;
Höje  Hagfors;kommun; Värmlands;län;;;
Hökerum  Ulricehamns;kommun; Västra;Götalands;län;;
Hölö  Södertälje;kommun; Stockholms;län;;;
Höljes  Torsby;kommun; Värmlands;län;;;
Höllviken  Vellinge;kommun; Skåne;län;;;
Hönö  Öckerö;kommun; Västra;Götalands;län;;
Hörby  Hörby;kommun; Skåne;län;;;
Hörja  Hässleholms;kommun; Skåne;län;;;
Hörnefors  Umeå;kommun; Västerbottens;län;;;
Höviksnäs  Tjörns;kommun; Västra;Götalands;län;;
Höör  Höörs;kommun; Skåne;län;;;
Idkerberget  Borlänge;kommun; Dalarnas;län;;;
Idre  Älvdalens;kommun; Dalarnas;län;;;
Iggesund  Hudiksvalls;kommun; Gävleborgs;län;;;
Ilsbo  Nordanstigs;kommun; Gävleborgs;län;;;
Immeln  Östra;Göinge;kommun; Skåne;län;;
Indal  Sundsvalls;kommun; Västernorrlands;län;;;
Ingarö  Värmdö;kommun; Stockholms;län;;;
Ingatorp  Eksjö;kommun; Jönköpings;län;;;
Ingelstad  Växjö;kommun; Kronobergs;län;;;
Ingmarsö  Österåkers;kommun; Stockholms;län;;;
Insjön  Leksands;kommun; Dalarnas;län;;;
Istorp  Marks;kommun; Västra;Götalands;län;;
Jäckvik  Arjeplogs;kommun; Norrbottens;län;;;
Jädraås  Ockelbo;kommun; Gävleborgs;län;;;
Jämjö  Karlskrona;kommun; Blekinge;län;;;
Jämshög  Olofströms;kommun; Blekinge;län;;;
Järbo  Sandvikens;kommun; Gävleborgs;län;;;
Järfälla  Järfälla;kommun; Stockholms;län;;;
Järlåsa  Uppsala;kommun; Uppsala;län;;;
Järna  Södertälje;kommun; Stockholms;län;;;
Järnforsen  Hultsfreds;kommun; Kalmar;län;;;
Järpen  Åre;kommun; Jämtlands;län;;;
Järpås  Lidköpings;kommun; Västra;Götalands;län;;
Järved  Örnsköldsviks;kommun; Västernorrlands;län;;;
Järvsö  Ljusdals;kommun; Gävleborgs;län;;;
Jät  Växjö;kommun; Kronobergs;län;;;
Jättendal  Nordanstigs;kommun; Gävleborgs;län;;;
Jävrebyn  Piteå;kommun; Norrbottens;län;;;
Jönköping  Jönköpings;kommun; Jönköpings;län;;;
Jönåker  Nyköpings;kommun; Södermanlands;län;;;
Jörlanda  Stenungsunds;kommun; Västra;Götalands;län;;
Jörn  Skellefteå;kommun; Västerbottens;län;;;
Johanneshov  Stockholms;kommun; Stockholms;län;;;
Johannishus  Ronneby;kommun; Blekinge;län;;;
Jokkmokk  Jokkmokks;kommun; Norrbottens;län;;;
Jonsered  Partille;kommun; Västra;Götalands;län;;
Jonstorp  Höganäs;kommun; Skåne;län;;;
Jordbro  Haninge;kommun; Stockholms;län;;;
Jukkasjärvi  Kiruna;kommun; Norrbottens;län;;;
Julita  Katrineholms;kommun; Södermanlands;län;;;
Junosuando  Pajala;kommun; Norrbottens;län;;;
Junsele  Sollefteå;kommun; Västernorrlands;län;;;
Juoksengi  Övertorneå;kommun; Norrbottens;län;;;
Kåbdalis  Jokkmokks;kommun; Norrbottens;län;;;
Kåge  Skellefteå;kommun; Västerbottens;län;;;
Kågeröd  Svalövs;kommun; Skåne;län;;;
Kållekärr  Tjörns;kommun; Västra;Götalands;län;;
Kållered  Mölndals;kommun; Västra;Götalands;län;;
Kårböle  Ljusdals;kommun; Gävleborgs;län;;;
Kälarne  Bräcke;kommun; Jämtlands;län;;;
Källby  Götene;kommun; Västra;Götalands;län;;
Källö-Knippla  Öckerö;kommun; Västra;Götalands;län;;
Käringön  Orusts;kommun; Västra;Götalands;län;;
Kärna  Kungälvs;kommun; Västra;Götalands;län;;
Kättilstorp  Falköpings;kommun; Västra;Götalands;län;;
Kävlinge  Kävlinge;kommun; Skåne;län;;;
Köping  Köpings;kommun; Västmanlands;län;;;
Köpingebro  Ystads;kommun; Skåne;län;;;
Köpingsvik  Borgholms;kommun; Kalmar;län;;;
Köpmanholmen  Örnsköldsviks;kommun; Västernorrlands;län;;;
Köpmannebro  Melleruds;kommun; Västra;Götalands;län;;
Köpstadsö  Göteborgs;kommun; Västra;Götalands;län;;
Kainulasjärvi  Pajala;kommun; Norrbottens;län;;;
Kalix  Kalix;kommun; Norrbottens;län;;;
Kalix-Nyborg  Kalix;kommun; Norrbottens;län;;;
Kallinge  Ronneby;kommun; Blekinge;län;;;
Kalmar  Kalmar;kommun; Kalmar;län;;;
Kalv  Svenljunga;kommun; Västra;Götalands;län;;
Kalvsund  Öckerö;kommun; Västra;Götalands;län;;
Kalvsvik  Växjö;kommun; Kronobergs;län;;;
Kalvträsk  Skellefteå;kommun; Västerbottens;län;;;
Kangos  Pajala;kommun; Norrbottens;län;;;
Kareby  Kungälvs;kommun; Västra;Götalands;län;;
Karesuando  Kiruna;kommun; Norrbottens;län;;;
Karl;Gustav  Varbergs;kommun; Hallands;län;;
Karlholmsbruk  Tierps;kommun; Uppsala;län;;;
Karlsborg  Karlsborgs;kommun; Västra;Götalands;län;;
Karlsborgsverken  Kalix;kommun; Norrbottens;län;;;
Karlshamn  Karlshamns;kommun; Blekinge;län;;;
Karlskoga  Karlskoga;kommun; Örebro;län;;;
Karlskrona  Karlskrona;kommun; Blekinge;län;;;
Karlstad  Karlstads;kommun; Värmlands;län;;;
Karungi  Haparanda;kommun; Norrbottens;län;;;
Katrineholm  Katrineholms;kommun; Södermanlands;län;;;
Kattarp  Helsingborgs;kommun; Skåne;län;;;
Katthammarsvik  Gotlands;kommun; Gotlands;län;;;
Kil  Kils;kommun; Värmlands;län;;;
Kilafors  Bollnäs;kommun; Gävleborgs;län;;;
Killeberg  Osby;kommun; Skåne;län;;;
Kilsmo  Örebro;kommun; Örebro;län;;;
Kimstad  Norrköpings;kommun; Östergötlands;län;;;
Kinna  Marks;kommun; Västra;Götalands;län;;
Kinnahult  Marks;kommun; Västra;Götalands;län;;
Kinnared  Hylte;kommun; Hallands;län;;;
Kinnarp  Falköpings;kommun; Västra;Götalands;län;;
Kinnarumma  Borås;kommun; Västra;Götalands;län;;
Kiruna  Kiruna;kommun; Norrbottens;län;;;
Kisa  Kinda;kommun; Östergötlands;län;;;
Kista  Stockholms;kommun; Stockholms;län;;;
Kittelfjäll  Vilhelmina;kommun; Västerbottens;län;;;
Kivik  Simrishamns;kommun; Skåne;län;;;
Klågerup  Svedala;kommun; Skåne;län;;;
Klädesholmen  Tjörns;kommun; Västra;Götalands;län;;
Klässbol  Arvika;kommun; Värmlands;län;;;
Klövedal  Tjörns;kommun; Västra;Götalands;län;;
Klövsjö  Bergs;kommun; Jämtlands;län;;;
Klagshamn  Malmö;kommun; Skåne;län;;;
Klagstorp  Trelleborgs;kommun; Skåne;län;;;
Klavreström  Uppvidinge;kommun; Kronobergs;län;;;
Klimpfjäll  Vilhelmina;kommun; Västerbottens;län;;;
Klintehamn  Gotlands;kommun; Gotlands;län;;;
Klippan  Klippans;kommun; Skåne;län;;;
Klockrike  Motala;kommun; Östergötlands;län;;;
Knislinge  Östra;Göinge;kommun; Skåne;län;;
Knivsta  Knivsta;kommun; Uppsala;län;;;
Knutby  Uppsala;kommun; Uppsala;län;;;
Knäred  Laholms;kommun; Hallands;län;;;
Kode  Kungälvs;kommun; Västra;Götalands;län;;
Kolbäck  Hallstahammars;kommun; Västmanlands;län;;;
Koler  Piteå;kommun; Norrbottens;län;;;
Kolmården  Norrköpings;kommun; Östergötlands;län;;;
Kolsva  Köpings;kommun; Västmanlands;län;;;
Konga  Tingsryds;kommun; Kronobergs;län;;;
Kopparberg  Ljusnarsbergs;kommun; Örebro;län;;;
Koppom  Eda;kommun; Värmlands;län;;;
Korpilombolo  Pajala;kommun; Norrbottens;län;;;
Korsberga  Vetlanda;kommun; Jönköpings;län;;;
Korskrogen  Ljusdals;kommun; Gävleborgs;län;;;
Koskullskulle  Gällivare;kommun; Norrbottens;län;;;
Kosta  Lessebo;kommun; Kronobergs;län;;;
Kovland  Sundsvalls;kommun; Västernorrlands;län;;;
Kramfors  Kramfors;kommun; Västernorrlands;län;;;
Kristdala  Oskarshamns;kommun; Kalmar;län;;;
Kristianstad  Kristianstads;kommun; Skåne;län;;;
Kristineberg  Lycksele;kommun; Västerbottens;län;;;
Kristinehamn  Kristinehamns;kommun; Värmlands;län;;;
Krokom  Krokoms;kommun; Jämtlands;län;;;
Krylbo  Avesta;kommun; Dalarnas;län;;;
Kullavik  Kungsbacka;kommun; Hallands;län;;;
Kulltorp  Gnosjö;kommun; Jönköpings;län;;;
Kumla  Kumla;kommun; Örebro;län;;;
Kungälv  Kungälvs;kommun; Västra;Götalands;län;;
Kungens;Kurva  Huddinge;kommun; Stockholms;län;;
Kungsängen  Upplands-Bro;kommun; Stockholms;län;;;
Kungsäter  Varbergs;kommun; Hallands;län;;;
Kungsör  Kungsörs;kommun; Västmanlands;län;;;
Kungsbacka  Kungsbacka;kommun; Hallands;län;;;
Kungsgården  Sandvikens;kommun; Gävleborgs;län;;;
Kungshamn  Sotenäs;kommun; Västra;Götalands;län;;
Kurravaara  Kiruna;kommun; Norrbottens;län;;;
Kusmark  Skellefteå;kommun; Västerbottens;län;;;
Kvibille  Halmstads;kommun; Hallands;län;;;
Kvicksund  Västerås;kommun; Västmanlands;län;;;
Kvidinge  Åstorps;kommun; Skåne;län;;;
Kvikkjokk  Jokkmokks;kommun; Norrbottens;län;;;
Kvillsfors  Vetlanda;kommun; Jönköpings;län;;;
Kvissleby  Sundsvalls;kommun; Västernorrlands;län;;;
Kvänum  Vara;kommun; Västra;Götalands;län;;
Kyrkesund  Tjörns;kommun; Västra;Götalands;län;;
Kyrkhult  Olofströms;kommun; Blekinge;län;;;
Långaryd  Hylte;kommun; Hallands;län;;;
Långasjö  Emmaboda;kommun; Kalmar;län;;;
Långbäcken  Åsele;kommun; Västerbottens;län;;;
Långsele  Sollefteå;kommun; Västernorrlands;län;;;
Långserud  Säffle;kommun; Värmlands;län;;;
Långshyttan  Hedemora;kommun; Dalarnas;län;;;
Långträsk  Piteå;kommun; Norrbottens;län;;;
Långviksmon  Örnsköldsviks;kommun; Västernorrlands;län;;;
Långås  Falkenbergs;kommun; Hallands;län;;;
Läckeby  Kalmar;kommun; Kalmar;län;;;
Länghem  Tranemo;kommun; Västra;Götalands;län;;
Länna  Uppsala;kommun; Uppsala;län;;;
Lärbro  Gotlands;kommun; Gotlands;län;;;
Löberöd  Eslövs;kommun; Skåne;län;;;
Löddeköpinge  Kävlinge;kommun; Skåne;län;;;
Löderup  Ystads;kommun; Skåne;län;;;
Lödöse  Lilla;Edets;kommun; Västra;Götalands;län;
Lögdeå  Nordmalings;kommun; Västerbottens;län;;;
Lönashult  Alvesta;kommun; Kronobergs;län;;;
Lönneberga  Hultsfreds;kommun; Kalmar;län;;;
Lönsboda  Osby;kommun; Skåne;län;;;
Löttorp  Borgholms;kommun; Kalmar;län;;;
Lövestad  Sjöbo;kommun; Skåne;län;;;
Lövstabruk  Tierps;kommun; Uppsala;län;;;
Lövånger  Skellefteå;kommun; Västerbottens;län;;;
Lagan  Ljungby;kommun; Kronobergs;län;;;
Laholm  Laholms;kommun; Hallands;län;;;
Laisvall  Arjeplogs;kommun; Norrbottens;län;;;
Lajksjöberg  Dorotea;kommun; Västerbottens;län;;;
Lakene  Hagfors;kommun; Värmlands;län;;;
Lammhult  Växjö;kommun; Kronobergs;län;;;
Landeryd  Hylte;kommun; Hallands;län;;;
Landsbro  Vetlanda;kommun; Jönköpings;län;;;
Landskrona  Landskrona;kommun; Skåne;län;;;
Landvetter  Härryda;kommun; Västra;Götalands;län;;
Lannavaara  Kiruna;kommun; Norrbottens;län;;;
Lansjärv  Överkalix;kommun; Norrbottens;län;;;
Lappträsk  Haparanda;kommun; Norrbottens;län;;;
Larv  Vara;kommun; Västra;Götalands;län;;
Latikberg  Vilhelmina;kommun; Västerbottens;län;;;
Lavsjön  Dorotea;kommun; Västerbottens;län;;;
Laxå  Laxå;kommun; Örebro;län;;;
Lekeryd  Jönköpings;kommun; Jönköpings;län;;;
Leksand  Leksands;kommun; Dalarnas;län;;;
Lenhovda  Uppvidinge;kommun; Kronobergs;län;;;
Lerberget  Höganäs;kommun; Skåne;län;;;
Lerdala  Skövde;kommun; Västra;Götalands;län;;
Lerum  Lerums;kommun; Västra;Götalands;län;;
Lesjöfors  Filipstads;kommun; Värmlands;län;;;
Lessebo  Lessebo;kommun; Kronobergs;län;;;
Liatorp  Älmhults;kommun; Kronobergs;län;;;
Liden  Sundsvalls;kommun; Västernorrlands;län;;;
Lidhult  Ljungby;kommun; Kronobergs;län;;;
Lidingö  Lidingö;kommun; Stockholms;län;;;
Lidköping  Lidköpings;kommun; Västra;Götalands;län;;
Lidsjöberg  Strömsunds;kommun; Jämtlands;län;;;
Likenäs  Torsby;kommun; Värmlands;län;;;
Lilla;Edet  Lilla;Edets;kommun; Västra;Götalands;län
Lillhärdal  Härjedalens;kommun; Jämtlands;län;;;
Lillkyrka  Örebro;kommun; Örebro;län;;;
Lillpite  Piteå;kommun; Norrbottens;län;;;
Lima  Malung-Sälens;kommun; Dalarnas;län;;;
Limhamn  Malmö;kommun; Skåne;län;;;
Limmared  Tranemo;kommun; Västra;Götalands;län;;
Linderöd  Kristianstads;kommun; Skåne;län;;;
Lindesberg  Lindesbergs;kommun; Örebro;län;;;
Lindome  Mölndals;kommun; Västra;Götalands;län;;
Lindås  Emmaboda;kommun; Kalmar;län;;;
Lingbo  Ockelbo;kommun; Gävleborgs;län;;;
Linghed  Falu;kommun; Dalarnas;län;;;
Linghem  Linköpings;kommun; Östergötlands;län;;;
Linköping  Linköpings;kommun; Östergötlands;län;;;
Linneryd  Tingsryds;kommun; Kronobergs;län;;;
Listerby  Ronneby;kommun; Blekinge;län;;;
Lit  Östersunds;kommun; Jämtlands;län;;;
Ljugarn  Gotlands;kommun; Gotlands;län;;;
Ljung  Herrljunga;kommun; Västra;Götalands;län;;
Ljungaverk  Ånge;kommun; Västernorrlands;län;;;
Ljungby  Ljungby;kommun; Kronobergs;län;;;
Ljungbyhed  Klippans;kommun; Skåne;län;;;
Ljungbyholm  Kalmar;kommun; Kalmar;län;;;
Ljungdalen  Bergs;kommun; Jämtlands;län;;;
Ljungsarp  Tranemo;kommun; Västra;Götalands;län;;
Ljungsbro  Linköpings;kommun; Östergötlands;län;;;
Ljungskile  Uddevalla;kommun; Västra;Götalands;län;;
Ljusdal  Ljusdals;kommun; Gävleborgs;län;;;
Ljusfallshammar  Finspångs;kommun; Östergötlands;län;;;
Ljusne  Söderhamns;kommun; Gävleborgs;län;;;
Ljusnedal  Härjedalens;kommun; Jämtlands;län;;;
Ljusterö  Österåkers;kommun; Stockholms;län;;;
Ljustorp  Timrå;kommun; Västernorrlands;län;;;
Lofsdalen  Härjedalens;kommun; Jämtlands;län;;;
Loftahammar  Västerviks;kommun; Kalmar;län;;;
Lomma  Lomma;kommun; Skåne;län;;;
Los  Ljusdals;kommun; Gävleborgs;län;;;
Lotorp  Finspångs;kommun; Östergötlands;län;;;
Lovikka  Pajala;kommun; Norrbottens;län;;;
Ludvigsborg  Hörby;kommun; Skåne;län;;;
Ludvika  Ludvika;kommun; Dalarnas;län;;;
Lugnvik  Kramfors;kommun; Västernorrlands;län;;;
Luleå  Luleå;kommun; Norrbottens;län;;;
Lund  Lunds;kommun; Skåne;län;;;
Lunde  Kramfors;kommun; Västernorrlands;län;;;
Lundsbrunn  Götene;kommun; Västra;Götalands;län;;
Lur  Tanums;kommun; Västra;Götalands;län;;
Lycke  Kungälvs;kommun; Västra;Götalands;län;;
Lyckeby  Karlskrona;kommun; Blekinge;län;;;
Lycksele  Lycksele;kommun; Västerbottens;län;;;
Lyrestad  Mariestads;kommun; Västra;Götalands;län;;
Lysekil  Lysekils;kommun; Västra;Götalands;län;;
Lysvik  Sunne;kommun; Värmlands;län;;;
Målerås  Nybro;kommun; Kalmar;län;;;
Målilla  Hultsfreds;kommun; Kalmar;län;;;
Målsryd  Borås;kommun; Västra;Götalands;län;;
Månkarbo  Tierps;kommun; Uppsala;län;;;
Månsarp  Jönköpings;kommun; Jönköpings;län;;;
Månstad  Tranemo;kommun; Västra;Götalands;län;;
Mårdaklev  Svenljunga;kommun; Västra;Götalands;län;;
Mårdsel  Gällivare;kommun; Norrbottens;län;;;
Märsta  Sigtuna;kommun; Stockholms;län;;;
Märsta;Arlanda  Sigtuna;kommun; Stockholms;län;;
Möja  Värmdö;kommun; Stockholms;län;;;
Möklinta  Sala;kommun; Västmanlands;län;;;
Mölle  Höganäs;kommun; Skåne;län;;;
Mölltorp  Karlsborgs;kommun; Västra;Götalands;län;;
Mölnbo  Södertälje;kommun; Stockholms;län;;;
Mölndal  Mölndals;kommun; Västra;Götalands;län;;
Mölnlycke  Härryda;kommun; Västra;Götalands;län;;
Mönsterås  Mönsterås;kommun; Kalmar;län;;;
Mörarp  Helsingborgs;kommun; Skåne;län;;;
Mörbylånga  Mörbylånga;kommun; Kalmar;län;;;
Mörkö  Södertälje;kommun; Stockholms;län;;;
Mörlunda  Hultsfreds;kommun; Kalmar;län;;;
Mörrum  Karlshamns;kommun; Blekinge;län;;;
Mörsil  Åre;kommun; Jämtlands;län;;;
Malgomaj  Vilhelmina;kommun; Västerbottens;län;;;
Malmö  Malmö;kommun; Skåne;län;;;
Malmö-Sturup  Svedala;kommun; Skåne;län;;;
Malmberget  Gällivare;kommun; Norrbottens;län;;;
Malmbäck  Nässjö;kommun; Jönköpings;län;;;
Malmköping  Flens;kommun; Södermanlands;län;;;
Malung  Malung-Sälens;kommun; Dalarnas;län;;;
Malungsfors  Malung-Sälens;kommun; Dalarnas;län;;;
Malå  Malå;kommun; Västerbottens;län;;;
Mangskog  Arvika;kommun; Värmlands;län;;;
Mantorp  Mjölby;kommun; Östergötlands;län;;;
Marbäck  Ulricehamns;kommun; Västra;Götalands;län;;
Mariannelund  Eksjö;kommun; Jönköpings;län;;;
Mariedamm  Askersunds;kommun; Örebro;län;;;
Mariefred  Strängnäs;kommun; Södermanlands;län;;;
Marieholm  Eslövs;kommun; Skåne;län;;;
Marieholmsbruk  Gnosjö;kommun; Jönköpings;län;;;
Mariestad  Mariestads;kommun; Västra;Götalands;län;;
Markaryd  Markaryds;kommun; Kronobergs;län;;;
Marmaverken  Söderhamns;kommun; Gävleborgs;län;;;
Marsfjäll  Vilhelmina;kommun; Västerbottens;län;;;
Marstrand  Kungälvs;kommun; Västra;Götalands;län;;
Matfors  Sundsvalls;kommun; Västernorrlands;län;;;
Mattisudden  Jokkmokks;kommun; Norrbottens;län;;;
Mattmar  Åre;kommun; Jämtlands;län;;;
Mellansel  Örnsköldsviks;kommun; Västernorrlands;län;;;
Mellanström  Arjeplogs;kommun; Norrbottens;län;;;
Mellbystrand  Laholms;kommun; Hallands;län;;;
Mellerud  Melleruds;kommun; Västra;Götalands;län;;
Mellösa  Flens;kommun; Södermanlands;län;;;
Mjällom  Kramfors;kommun; Västernorrlands;län;;;
Mjöbäck  Svenljunga;kommun; Västra;Götalands;län;;
Mjöhult  Höganäs;kommun; Skåne;län;;;
Mjölby  Mjölby;kommun; Östergötlands;län;;;
Mockfjärd  Gagnefs;kommun; Dalarnas;län;;;
Moheda  Alvesta;kommun; Kronobergs;län;;;
Moholm  Töreboda;kommun; Västra;Götalands;län;;
Moliden  Örnsköldsviks;kommun; Västernorrlands;län;;;
Molkom  Karlstads;kommun; Värmlands;län;;;
Mollösund  Orusts;kommun; Västra;Götalands;län;;
Mora  Mora;kommun; Dalarnas;län;;;
Morgongåva  Heby;kommun; Uppsala;län;;;
Morjärv  Kalix;kommun; Norrbottens;län;;;
Morokulien  Eda;kommun; Värmlands;län;;;
Morup  Falkenbergs;kommun; Hallands;län;;;
Moskosel  Arvidsjaurs;kommun; Norrbottens;län;;;
Motala  Motala;kommun; Östergötlands;län;;;
Mullhyttan  Lekebergs;kommun; Örebro;län;;;
Mullsjö  Mullsjö;kommun; Jönköpings;län;;;
Munka-Ljungby  Ängelholms;kommun; Skåne;län;;;
Munkedal  Munkedals;kommun; Västra;Götalands;län;;
Munkfors  Munkfors;kommun; Värmlands;län;;;
Munsö  Ekerö;kommun; Stockholms;län;;;
Muodoslompolo  Pajala;kommun; Norrbottens;län;;;
Murjek  Jokkmokks;kommun; Norrbottens;län;;;
Muskö  Haninge;kommun; Stockholms;län;;;
Myggenäs  Tjörns;kommun; Västra;Götalands;län;;
Myresjö  Vetlanda;kommun; Jönköpings;län;;;
Nås  Vansbro;kommun; Dalarnas;län;;;
Nälden  Krokoms;kommun; Jämtlands;län;;;
Nämdö  Värmdö;kommun; Stockholms;län;;;
Närkesberg  Askersunds;kommun; Örebro;län;;;
Näshulta  Eskilstuna;kommun; Södermanlands;län;;;
Nässjö  Nässjö;kommun; Jönköpings;län;;;
Näsum  Bromölla;kommun; Skåne;län;;;
Näsviken  Hudiksvalls;kommun; Gävleborgs;län;;;
Näsåker  Sollefteå;kommun; Västernorrlands;län;;;
Nättraby  Karlskrona;kommun; Blekinge;län;;;
Nävekvarn  Nyköpings;kommun; Södermanlands;län;;;
Nävlinge  Hässleholms;kommun; Skåne;län;;;
Nödinge  Ale;kommun; Västra;Götalands;län;;
Nösund  Orusts;kommun; Västra;Götalands;län;;
Nacka  Nacka;kommun; Stockholms;län;;;
Nacka;Strand  Nacka;kommun; Stockholms;län;;
Nattavaara  Gällivare;kommun; Norrbottens;län;;;
Nattavaaraby  Gällivare;kommun; Norrbottens;län;;;
Niemisel  Luleå;kommun; Norrbottens;län;;;
Nikkala  Haparanda;kommun; Norrbottens;län;;;
Nissafors  Gnosjö;kommun; Jönköpings;län;;;
Nittorp  Tranemo;kommun; Västra;Götalands;län;;
Njurunda  Sundsvalls;kommun; Västernorrlands;län;;;
Njutånger  Hudiksvalls;kommun; Gävleborgs;län;;;
Nol  Ale;kommun; Västra;Götalands;län;;
Nora  Nora;kommun; Örebro;län;;;
Noraström  Kramfors;kommun; Västernorrlands;län;;;
Norberg  Norbergs;kommun; Västmanlands;län;;;
Nordingrå  Kramfors;kommun; Västernorrlands;län;;;
Nordkoster  Strömstads;kommun; Västra;Götalands;län;;
Nordmaling  Nordmalings;kommun; Västerbottens;län;;;
Nordmarkshyttan  Filipstads;kommun; Värmlands;län;;;
Norra;Sorunda  Nynäshamns;kommun; Stockholms;län;;
Norrahammar  Jönköpings;kommun; Jönköpings;län;;;
Norrala  Söderhamns;kommun; Gävleborgs;län;;;
Norrby  Haninge;kommun; Stockholms;län;;;
Norrfjärden  Piteå;kommun; Norrbottens;län;;;
Norrfors  Nordmalings;kommun; Västerbottens;län;;;
Norrhult  Uppvidinge;kommun; Kronobergs;län;;;
Norrköping  Norrköpings;kommun; Östergötlands;län;;;
Norrsundet  Gävle;kommun; Gävleborgs;län;;;
Norrtälje  Norrtälje;kommun; Stockholms;län;;;
Norråker  Strömsunds;kommun; Jämtlands;län;;;
Norsborg  Botkyrka;kommun; Stockholms;län;;;
Norsholm  Norrköpings;kommun; Östergötlands;län;;;
Norsjö  Norsjö;kommun; Västerbottens;län;;;
Nossebro  Essunga;kommun; Västra;Götalands;län;;
Nusnäs  Mora;kommun; Dalarnas;län;;;
Nybro  Nybro;kommun; Kalmar;län;;;
Nybrostrand  Ystads;kommun; Skåne;län;;;
Nye  Vetlanda;kommun; Jönköpings;län;;;
Nygård  Lilla;Edets;kommun; Västra;Götalands;län;
Nyhammar  Ludvika;kommun; Dalarnas;län;;;
Nyhamnsläge  Höganäs;kommun; Skåne;län;;;
Nykil  Linköpings;kommun; Östergötlands;län;;;
Nykroppa  Filipstads;kommun; Värmlands;län;;;
Nykvarn  Nykvarns;kommun; Stockholms;län;;;
Nyköping  Nyköpings;kommun; Södermanlands;län;;;
Nyland  Kramfors;kommun; Västernorrlands;län;;;
Nymölla  Bromölla;kommun; Skåne;län;;;
Nynäshamn  Nynäshamns;kommun; Stockholms;län;;;
Nyvång  Åstorps;kommun; Skåne;län;;;
Nyåker  Nordmalings;kommun; Västerbottens;län;;;
Obbola  Umeå;kommun; Västerbottens;län;;;
Ockelbo  Ockelbo;kommun; Gävleborgs;län;;;
Odensbacken  Örebro;kommun; Örebro;län;;;
Offerdal  Krokoms;kommun; Jämtlands;län;;;
Olofstorp  Göteborgs;kommun; Västra;Götalands;län;;
Olofström  Olofströms;kommun; Blekinge;län;;;
Olsfors  Bollebygds;kommun; Västra;Götalands;län;;
Onsala  Kungsbacka;kommun; Hallands;län;;;
Ormaryd  Nässjö;kommun; Jönköpings;län;;;
Ornö  Haninge;kommun; Stockholms;län;;;
Orrefors  Nybro;kommun; Kalmar;län;;;
Orrviken  Östersunds;kommun; Jämtlands;län;;;
Orsa  Orsa;kommun; Dalarnas;län;;;
Osby  Osby;kommun; Skåne;län;;;
Oskarshamn  Oskarshamns;kommun; Kalmar;län;;;
Oskarström  Halmstads;kommun; Hallands;län;;;
Otterbäcken  Gullspångs;kommun; Västra;Götalands;län;;
Oviken  Bergs;kommun; Jämtlands;län;;;
Oxelösund  Oxelösunds;kommun; Södermanlands;län;;;
Oxie  Malmö;kommun; Skåne;län;;;
Påarp  Helsingborgs;kommun; Skåne;län;;;
Pålsboda  Hallsbergs;kommun; Örebro;län;;;
Påläng  Kalix;kommun; Norrbottens;län;;;
Påryd  Kalmar;kommun; Kalmar;län;;;
Påskallavik  Oskarshamns;kommun; Kalmar;län;;;
Pajala  Pajala;kommun; Norrbottens;län;;;
Partille  Partille;kommun; Västra;Götalands;län;;
Pauliström  Vetlanda;kommun; Jönköpings;län;;;
Pello  Övertorneå;kommun; Norrbottens;län;;;
Perstorp  Perstorps;kommun; Skåne;län;;;
Pilgrimstad  Bräcke;kommun; Jämtlands;län;;;
Piteå  Piteå;kommun; Norrbottens;län;;;
Pixbo  Härryda;kommun; Västra;Götalands;län;;
Porjus  Jokkmokks;kommun; Norrbottens;län;;;
Prässebo  Lilla;Edets;kommun; Västra;Götalands;län;
Puoltikasvaara  Gällivare;kommun; Norrbottens;län;;;
Rabbalshede  Tanums;kommun; Västra;Götalands;län;;
Ramdala  Karlskrona;kommun; Blekinge;län;;;
Ramkvilla  Vetlanda;kommun; Jönköpings;län;;;
Ramlösa  Helsingborgs;kommun; Skåne;län;;;
Ramnäs  Surahammars;kommun; Västmanlands;län;;;
Ramsberg  Lindesbergs;kommun; Örebro;län;;;
Ramsele  Sollefteå;kommun; Västernorrlands;län;;;
Ramsjö  Ljusdals;kommun; Gävleborgs;län;;;
Ramvik  Härnösands;kommun; Västernorrlands;län;;;
Randijaur  Jokkmokks;kommun; Norrbottens;län;;;
Ransta  Sala;kommun; Västmanlands;län;;;
Ransäter  Munkfors;kommun; Värmlands;län;;;
Reftele  Gislaveds;kommun; Jönköpings;län;;;
Rejmyre  Finspångs;kommun; Östergötlands;län;;;
Rengsjö  Bollnäs;kommun; Gävleborgs;län;;;
Rentjärn  Malå;kommun; Västerbottens;län;;;
Resö  Tanums;kommun; Västra;Götalands;län;;
Riddarhyttan  Skinnskattebergs;kommun; Västmanlands;län;;;
Riksgränsen  Kiruna;kommun; Norrbottens;län;;;
Rimbo  Norrtälje;kommun; Stockholms;län;;;
Rimforsa  Kinda;kommun; Östergötlands;län;;;
Ringarum  Valdemarsviks;kommun; Östergötlands;län;;;
Rinkaby  Kristianstads;kommun; Skåne;län;;;
Risbäck  Dorotea;kommun; Västerbottens;län;;;
Risögrund  Kalix;kommun; Norrbottens;län;;;
Robertsfors  Robertsfors;kommun; Västerbottens;län;;;
Rockneby  Kalmar;kommun; Kalmar;län;;;
Roknäs  Piteå;kommun; Norrbottens;län;;;
Rolfstorp  Varbergs;kommun; Hallands;län;;;
Romakloster  Gotlands;kommun; Gotlands;län;;;
Romelanda  Kungälvs;kommun; Västra;Götalands;län;;
Ronneby  Ronneby;kommun; Blekinge;län;;;
Rosenfors  Hultsfreds;kommun; Kalmar;län;;;
Rosersberg  Sigtuna;kommun; Stockholms;län;;;
Rossön  Strömsunds;kommun; Jämtlands;län;;;
Rosvik  Piteå;kommun; Norrbottens;län;;;
Rottne  Växjö;kommun; Kronobergs;län;;;
Rottneros  Sunne;kommun; Värmlands;län;;;
Ruda  Högsby;kommun; Kalmar;län;;;
Rundvik  Nordmalings;kommun; Västerbottens;län;;;
Runhällen  Heby;kommun; Uppsala;län;;;
Runmarö  Värmdö;kommun; Stockholms;län;;;
Rusksele  Lycksele;kommun; Västerbottens;län;;;
Ryd  Tingsryds;kommun; Kronobergs;län;;;
Rydaholm  Värnamo;kommun; Jönköpings;län;;;
Rydal  Marks;kommun; Västra;Götalands;län;;
Rydboholm  Borås;kommun; Västra;Götalands;län;;
Rydebäck  Helsingborgs;kommun; Skåne;län;;;
Rydsgård  Skurups;kommun; Skåne;län;;;
Rydöbruk  Hylte;kommun; Hallands;län;;;
Ryssby  Ljungby;kommun; Kronobergs;län;;;
Råda  Hagfors;kommun; Värmlands;län;;;
Råneå  Luleå;kommun; Norrbottens;län;;;
Rångedala  Borås;kommun; Västra;Götalands;län;;
Rånäs  Norrtälje;kommun; Stockholms;län;;;
Råå  Helsingborgs;kommun; Skåne;län;;;
Rätan  Bergs;kommun; Jämtlands;län;;;
Rättvik  Rättviks;kommun; Dalarnas;län;;;
Rävlanda  Härryda;kommun; Västra;Götalands;län;;
Röbäck  Umeå;kommun; Västerbottens;län;;;
Rödeby  Karlskrona;kommun; Blekinge;län;;;
Röfors  Laxå;kommun; Örebro;län;;;
Röke  Hässleholms;kommun; Skåne;län;;;
Rökå  Malå;kommun; Västerbottens;län;;;
Rönneshytta  Askersunds;kommun; Örebro;län;;;
Rönninge  Salems;kommun; Stockholms;län;;;
Rönnäng  Tjörns;kommun; Västra;Götalands;län;;
Rörvik  Sävsjö;kommun; Jönköpings;län;;;
Rörö  Öckerö;kommun; Västra;Götalands;län;;
Röstånga  Svalövs;kommun; Skåne;län;;;
Sala  Sala;kommun; Västmanlands;län;;;
Salbohed  Sala;kommun; Västmanlands;län;;;
Saltsjö-Boo  Nacka;kommun; Stockholms;län;;;
Saltsjö-Duvnäs  Nacka;kommun; Stockholms;län;;;
Saltsjöbaden  Nacka;kommun; Stockholms;län;;;
Sandared  Borås;kommun; Västra;Götalands;län;;
Sandarne  Söderhamns;kommun; Gävleborgs;län;;;
Sandhamn  Värmdö;kommun; Stockholms;län;;;
Sandhem  Mullsjö;kommun; Jönköpings;län;;;
Sandhult  Borås;kommun; Västra;Götalands;län;;
Sandsjöfors  Nässjö;kommun; Jönköpings;län;;;
Sandviken  Sandvikens;kommun; Gävleborgs;län;;;
Sandöverken  Kramfors;kommun; Västernorrlands;län;;;
Sangis  Kalix;kommun; Norrbottens;län;;;
Sankt;Anna  Söderköpings;kommun; Östergötlands;län;;
Sankt;Ibb  Landskrona;kommun; Skåne;län;;
Sankt;Olof  Simrishamns;kommun; Skåne;län;;
Saxdalen  Ludvika;kommun; Dalarnas;län;;;
Saxtorp  Landskrona;kommun; Skåne;län;;;
Segeltorp  Huddinge;kommun; Stockholms;län;;;
Segersta  Bollnäs;kommun; Gävleborgs;län;;;
Segersäng  Nynäshamns;kommun; Stockholms;län;;;
Seglora  Borås;kommun; Västra;Götalands;län;;
Segmon  Grums;kommun; Värmlands;län;;;
Sennan  Halmstads;kommun; Hallands;län;;;
Seskarö  Haparanda;kommun; Norrbottens;län;;;
Sexdrega  Svenljunga;kommun; Västra;Götalands;län;;
Sibbhult  Östra;Göinge;kommun; Skåne;län;;
Sidensjö  Örnsköldsviks;kommun; Västernorrlands;län;;;
Sifferbo  Gagnefs;kommun; Dalarnas;län;;;
Sigtuna  Sigtuna;kommun; Stockholms;län;;;
Sikfors  Piteå;kommun; Norrbottens;län;;;
Siljansnäs  Leksands;kommun; Dalarnas;län;;;
Silverdalen  Hultsfreds;kommun; Kalmar;län;;;
Simlångsdalen  Halmstads;kommun; Hallands;län;;;
Simrishamn  Simrishamns;kommun; Skåne;län;;;
Själevad  Örnsköldsviks;kommun; Västernorrlands;län;;;
Sjöbo  Sjöbo;kommun; Skåne;län;;;
Sjömarken  Borås;kommun; Västra;Götalands;län;;
Sjötofta  Tranemo;kommun; Västra;Götalands;län;;
Sjötorp  Mariestads;kommun; Västra;Götalands;län;;
Sjövik  Lerums;kommun; Västra;Götalands;län;;
Sjulsmark  Piteå;kommun; Norrbottens;län;;;
Sjuntorp  Trollhättans;kommun; Västra;Götalands;län;;
Skå  Ekerö;kommun; Stockholms;län;;;
Skåne-Tranås  Tomelilla;kommun; Skåne;län;;;
Skånes;Fagerhult  Örkelljunga;kommun; Skåne;län;;
Skåpafors  Bengtsfors;kommun; Västra;Götalands;län;;
Skällinge  Varbergs;kommun; Hallands;län;;;
Skälvik  Värmdö;kommun; Stockholms;län;;;
Skänninge  Mjölby;kommun; Östergötlands;län;;;
Skärblacka  Norrköpings;kommun; Östergötlands;län;;;
Skäret  Höganäs;kommun; Skåne;län;;;
Skärhamn  Tjörns;kommun; Västra;Götalands;län;;
Skärholmen  Stockholms;kommun; Stockholms;län;;;
Skärplinge  Tierps;kommun; Uppsala;län;;;
Sköldinge  Katrineholms;kommun; Södermanlands;län;;;
Sköllersta  Hallsbergs;kommun; Örebro;län;;;
Sköndal  Stockholms;kommun; Stockholms;län;;;
Skövde  Skövde;kommun; Västra;Götalands;län;;
Skagersvik  Gullspångs;kommun; Västra;Götalands;län;;
Skanör  Vellinge;kommun; Skåne;län;;;
Skara  Skara;kommun; Västra;Götalands;län;;
Skarpnäck  Stockholms;kommun; Stockholms;län;;;
Skattkärr  Karlstads;kommun; Värmlands;län;;;
Skattungbyn  Orsa;kommun; Dalarnas;län;;;
Skaulo  Gällivare;kommun; Norrbottens;län;;;
Skebobruk  Norrtälje;kommun; Stockholms;län;;;
Skee  Strömstads;kommun; Västra;Götalands;län;;
Skelleftehamn  Skellefteå;kommun; Västerbottens;län;;;
Skellefteå  Skellefteå;kommun; Västerbottens;län;;;
Skene  Marks;kommun; Västra;Götalands;län;;
Skephult  Marks;kommun; Västra;Götalands;län;;
Skepplanda  Ale;kommun; Västra;Götalands;län;;
Skeppshult  Gislaveds;kommun; Jönköpings;län;;;
Skillingaryd  Vaggeryds;kommun; Jönköpings;län;;;
Skillinge  Simrishamns;kommun; Skåne;län;;;
Skillingsfors  Eda;kommun; Värmlands;län;;;
Skinnskatteberg  Skinnskattebergs;kommun; Västmanlands;län;;;
Skivarp  Skurups;kommun; Skåne;län;;;
Skog  Kramfors;kommun; Västernorrlands;län;;;
Skoghall  Hammarö;kommun; Värmlands;län;;;
Skogstorp  Eskilstuna;kommun; Södermanlands;län;;;
Skogås  Huddinge;kommun; Stockholms;län;;;
Skokloster  Håbo;kommun; Uppsala;län;;;
Skorped  Örnsköldsviks;kommun; Västernorrlands;län;;;
Skottorp  Laholms;kommun; Hallands;län;;;
Skruv  Lessebo;kommun; Kronobergs;län;;;
Skultuna  Västerås;kommun; Västmanlands;län;;;
Skummeslövsstrand  Laholms;kommun; Hallands;län;;;
Skurup  Skurups;kommun; Skåne;län;;;
Skutskär  Älvkarleby;kommun; Uppsala;län;;;
Skyllberg  Askersunds;kommun; Örebro;län;;;
Skyttorp  Uppsala;kommun; Uppsala;län;;;
Slagnäs  Arjeplogs;kommun; Norrbottens;län;;;
Slöinge  Falkenbergs;kommun; Hallands;län;;;
Slite  Gotlands;kommun; Gotlands;län;;;
Slottsbron  Grums;kommun; Värmlands;län;;;
Slussfors  Storumans;kommun; Västerbottens;län;;;
Slutarp  Falköpings;kommun; Västra;Götalands;län;;
Smedjebacken  Smedjebackens;kommun; Dalarnas;län;;;
Smedstorp  Tomelilla;kommun; Skåne;län;;;
Smygehamn  Trelleborgs;kommun; Skåne;län;;;
Smålandsstenar  Gislaveds;kommun; Jönköpings;län;;;
Smögen  Sotenäs;kommun; Västra;Götalands;län;;
Snesudden  Jokkmokks;kommun; Norrbottens;län;;;
Solberg  Örnsköldsviks;kommun; Västernorrlands;län;;;
Solberga  Nässjö;kommun; Jönköpings;län;;;
Sollebrunn  Alingsås;kommun; Västra;Götalands;län;;
Sollefteå  Sollefteå;kommun; Västernorrlands;län;;;
Sollenkroka;Ö  Värmdö;kommun; Stockholms;län;;
Sollentuna  Sollentuna;kommun; Stockholms;län;;;
Sollerön  Mora;kommun; Dalarnas;län;;;
Solna  Solna;kommun; Stockholms;län;;;
Sommen  Tranås;kommun; Jönköpings;län;;;
Sorsele  Sorsele;kommun; Västerbottens;län;;;
Sorunda  Nynäshamns;kommun; Stockholms;län;;;
Sparreholm  Flens;kommun; Södermanlands;län;;;
Sparsör  Borås;kommun; Västra;Götalands;län;;
Spekeröd  Stenungsunds;kommun; Västra;Götalands;län;;
Spånga  Stockholms;kommun; Stockholms;län;;;
Staffanstorp  Staffanstorps;kommun; Skåne;län;;;
Stallarholmen  Strängnäs;kommun; Södermanlands;län;;;
Stavsjö  Nyköpings;kommun; Södermanlands;län;;;
Stavsnäs  Värmdö;kommun; Stockholms;län;;;
Stavsudda  Värmdö;kommun; Stockholms;län;;;
Stehag  Eslövs;kommun; Skåne;län;;;
Stenhamra  Ekerö;kommun; Stockholms;län;;;
Steninge  Halmstads;kommun; Hallands;län;;;
Steningehöjden  Sigtuna;kommun; Stockholms;län;;;
Stenkullen  Lerums;kommun; Västra;Götalands;län;;
Stensele  Storumans;kommun; Västerbottens;län;;;
Stensjön  Nässjö;kommun; Jönköpings;län;;;
Stenstorp  Falköpings;kommun; Västra;Götalands;län;;
Stenungsund  Stenungsunds;kommun; Västra;Götalands;län;;
Stigen  Färgelanda;kommun; Västra;Götalands;län;;
Stigtomta  Nyköpings;kommun; Södermanlands;län;;;
Stillingsön  Orusts;kommun; Västra;Götalands;län;;
Stjärnhov  Gnesta;kommun; Södermanlands;län;;;
Stjärnsund  Hedemora;kommun; Dalarnas;län;;;
Stoby  Hässleholms;kommun; Skåne;län;;;
Stocka  Nordanstigs;kommun; Gävleborgs;län;;;
Stockamöllan  Eslövs;kommun; Skåne;län;;;
Stockaryd  Sävsjö;kommun; Jönköpings;län;;;
Stockholm  Stockholms;kommun; Stockholms;län;;;
Stockholm-Arlanda  Sigtuna;kommun; Stockholms;län;;;
Stockholm-Globen  Stockholms;kommun; Stockholms;län;;;
Stocksund  Danderyds;kommun; Stockholms;län;;;
Stora;Blåsjön  Strömsunds;kommun; Jämtlands;län;;
Stora;Höga  Stenungsunds;kommun; Västra;Götalands;län;
Stora;Levene  Vara;kommun; Västra;Götalands;län;
Stora;Mellösa  Örebro;kommun; Örebro;län;;
Stora;Skedvi  Säters;kommun; Dalarnas;län;;
Stora;Sundby  Eskilstuna;kommun; Södermanlands;län;;
Stora;Vika  Nynäshamns;kommun; Stockholms;län;;
Storebro  Vimmerby;kommun; Kalmar;län;;;
Storfors  Storfors;kommun; Värmlands;län;;;
Storlien  Åre;kommun; Jämtlands;län;;;
Storseleby  Vilhelmina;kommun; Västerbottens;län;;;
Storsjö;Kapell  Bergs;kommun; Jämtlands;län;;
Storsund  Piteå;kommun; Norrbottens;län;;;
Storuman  Storumans;kommun; Västerbottens;län;;;
Storvik  Sandvikens;kommun; Gävleborgs;län;;;
Storvreta  Uppsala;kommun; Uppsala;län;;;
Storå  Lindesbergs;kommun; Örebro;län;;;
Stråssa  Lindesbergs;kommun; Örebro;län;;;
Stråtjära  Söderhamns;kommun; Gävleborgs;län;;;
Stråvalla  Varbergs;kommun; Hallands;län;;;
Strängnäs  Strängnäs;kommun; Södermanlands;län;;;
Strömsbergs;Bruk  Tierps;kommun; Uppsala;län;;
Strömsbruk  Nordanstigs;kommun; Gävleborgs;län;;;
Strömsholm  Hallstahammars;kommun; Västmanlands;län;;;
Strömsnäsbruk  Markaryds;kommun; Kronobergs;län;;;
Strömstad  Strömstads;kommun; Västra;Götalands;län;;
Strömsund  Strömsunds;kommun; Jämtlands;län;;;
Strövelstorp  Ängelholms;kommun; Skåne;län;;;
Strandbaden  Höganäs;kommun; Skåne;län;;;
Stugun  Ragunda;kommun; Jämtlands;län;;;
Sturefors  Linköpings;kommun; Östergötlands;län;;;
Sturkö  Karlskrona;kommun; Blekinge;län;;;
Styrsö  Göteborgs;kommun; Västra;Götalands;län;;
Stånga  Gotlands;kommun; Gotlands;län;;;
Ställdalen  Ljusnarsbergs;kommun; Örebro;län;;;
Stöde  Sundsvalls;kommun; Västernorrlands;län;;;
Stöllet  Torsby;kommun; Värmlands;län;;;
Sundborn  Falu;kommun; Dalarnas;län;;;
Sundbyberg  Sundbybergs;kommun; Stockholms;län;;;
Sundsbruk  Sundsvalls;kommun; Västernorrlands;län;;;
Sundsvall  Sundsvalls;kommun; Västernorrlands;län;;;
Sunhultsbrunn  Aneby;kommun; Jönköpings;län;;;
Sunnansjö  Ludvika;kommun; Dalarnas;län;;;
Sunne  Sunne;kommun; Värmlands;län;;;
Sunnemo  Hagfors;kommun; Värmlands;län;;;
Surahammar  Surahammars;kommun; Västmanlands;län;;;
Surte  Ale;kommun; Västra;Götalands;län;;
Svängsta  Karlshamns;kommun; Blekinge;län;;;
Svärdsjö  Falu;kommun; Dalarnas;län;;;
Svärtinge  Norrköpings;kommun; Östergötlands;län;;;
Svalöv  Svalövs;kommun; Skåne;län;;;
Svanavattnet  Dorotea;kommun; Västerbottens;län;;;
Svaneholm  Borås;kommun; Västra;Götalands;län;;
Svanesund  Orusts;kommun; Västra;Götalands;län;;
Svanskog  Säffle;kommun; Värmlands;län;;;
Svappavaara  Kiruna;kommun; Norrbottens;län;;;
Svartsjö  Ekerö;kommun; Stockholms;län;;;
Svartå  Degerfors;kommun; Örebro;län;;;
Svedala  Svedala;kommun; Skåne;län;;;
Sveg  Härjedalens;kommun; Jämtlands;län;;;
Svenljunga  Svenljunga;kommun; Västra;Götalands;län;;
Svensbyn  Piteå;kommun; Norrbottens;län;;;
Svenshögen  Stenungsunds;kommun; Västra;Götalands;län;;
Svenstavik  Bergs;kommun; Jämtlands;län;;;
Sydkoster  Strömstads;kommun; Västra;Götalands;län;;
Sysslebäck  Torsby;kommun; Värmlands;län;;;
Sågmyra  Falu;kommun; Dalarnas;län;;;
Såtenäs  Lidköpings;kommun; Västra;Götalands;län;;
Säffle  Säffle;kommun; Värmlands;län;;;
Sälen  Malung-Sälens;kommun; Dalarnas;län;;;
Särna  Älvdalens;kommun; Dalarnas;län;;;
Särö  Kungsbacka;kommun; Hallands;län;;;
Säter  Säters;kommun; Dalarnas;län;;;
Sätila  Marks;kommun; Västra;Götalands;län;;
Sävar  Umeå;kommun; Västerbottens;län;;;
Säve  Göteborgs;kommun; Västra;Götalands;län;;
Sävedalen  Partille;kommun; Västra;Götalands;län;;
Sävsjö  Sävsjö;kommun; Jönköpings;län;;;
Sävsjöström  Uppvidinge;kommun; Kronobergs;län;;;
Söderala  Söderhamns;kommun; Gävleborgs;län;;;
Söderby  Haninge;kommun; Stockholms;län;;;
Söderbärke  Smedjebackens;kommun; Dalarnas;län;;;
Söderfors  Tierps;kommun; Uppsala;län;;;
Söderhamn  Söderhamns;kommun; Gävleborgs;län;;;
Söderköping  Söderköpings;kommun; Östergötlands;län;;;
Södertälje  Södertälje;kommun; Stockholms;län;;;
Söderåkra  Torsås;kommun; Kalmar;län;;;
Södra;Sandby  Lunds;kommun; Skåne;län;;
Södra;Sunderbyn  Luleå;kommun; Norrbottens;län;;
Södra;Vi  Vimmerby;kommun; Kalmar;län;;
Sölvesborg  Sölvesborgs;kommun; Blekinge;län;;;
Sörberge  Timrå;kommun; Västernorrlands;län;;;
Sörbygden  Bräcke;kommun; Jämtlands;län;;;
Sörsjön  Malung-Sälens;kommun; Dalarnas;län;;;
Söråker  Timrå;kommun; Västernorrlands;län;;;
Sösdala  Hässleholms;kommun; Skåne;län;;;
Sövde  Sjöbo;kommun; Skåne;län;;;
Taberg  Jönköpings;kommun; Jönköpings;län;;;
Tallåsen  Ljusdals;kommun; Gävleborgs;län;;;
Tandsbyn  Östersunds;kommun; Jämtlands;län;;;
Tanumshede  Tanums;kommun; Västra;Götalands;län;;
Tavelsjö  Umeå;kommun; Västerbottens;län;;;
Teckomatorp  Svalövs;kommun; Skåne;län;;;
Tenhult  Jönköpings;kommun; Jönköpings;län;;;
Tibro  Tibro;kommun; Västra;Götalands;län;;
Tidaholm  Tidaholms;kommun; Västra;Götalands;län;;
Tidan  Skövde;kommun; Västra;Götalands;län;;
Tierp  Tierps;kommun; Uppsala;län;;;
Timmele  Ulricehamns;kommun; Västra;Götalands;län;;
Timmernabben  Mönsterås;kommun; Kalmar;län;;;
Timmersdala  Skövde;kommun; Västra;Götalands;län;;
Timrå  Timrå;kommun; Västernorrlands;län;;;
Tingsryd  Tingsryds;kommun; Kronobergs;län;;;
Tingstäde  Gotlands;kommun; Gotlands;län;;;
Tived  Laxå;kommun; Örebro;län;;;
Tjällmo  Motala;kommun; Östergötlands;län;;;
Tjörnarp  Höörs;kommun; Skåne;län;;;
Tjureda  Växjö;kommun; Kronobergs;län;;;
Tjurkö  Karlskrona;kommun; Blekinge;län;;;
Tobo  Tierps;kommun; Uppsala;län;;;
Tolg  Växjö;kommun; Kronobergs;län;;;
Tollarp  Kristianstads;kommun; Skåne;län;;;
Tollered  Lerums;kommun; Västra;Götalands;län;;
Tomelilla  Tomelilla;kommun; Skåne;län;;;
Tommarp  Simrishamns;kommun; Skåne;län;;;
Tomteboda  Solna;kommun; Stockholms;län;;;
Torekov  Båstads;kommun; Skåne;län;;;
Torestorp  Marks;kommun; Västra;Götalands;län;;
Torhamn  Karlskrona;kommun; Blekinge;län;;;
Tormestorp  Hässleholms;kommun; Skåne;län;;;
Torna-Hällestad  Lunds;kommun; Skåne;län;;;
Torpsbruk  Alvesta;kommun; Kronobergs;län;;;
Torpshammar  Ånge;kommun; Västernorrlands;län;;;
Torsby  Torsby;kommun; Värmlands;län;;;
Torshälla  Eskilstuna;kommun; Södermanlands;län;;;
Torslanda  Göteborgs;kommun; Västra;Götalands;län;;
Torsåker  Hofors;kommun; Gävleborgs;län;;;
Torsås  Torsås;kommun; Kalmar;län;;;
Torsö  Mariestads;kommun; Västra;Götalands;län;;
Torup  Hylte;kommun; Hallands;län;;;
Tostared  Marks;kommun; Västra;Götalands;län;;
Totebo  Västerviks;kommun; Kalmar;län;;;
Trångsund  Huddinge;kommun; Stockholms;län;;;
Trångsviken  Krokoms;kommun; Jämtlands;län;;;
Tråvad  Vara;kommun; Västra;Götalands;län;;
Trädet  Ulricehamns;kommun; Västra;Götalands;län;;
Träslövsläge  Varbergs;kommun; Hallands;län;;;
Trönödal  Söderhamns;kommun; Gävleborgs;län;;;
Tranemo  Tranemo;kommun; Västra;Götalands;län;;
Transtrand  Malung-Sälens;kommun; Dalarnas;län;;;
Tranås  Tranås;kommun; Jönköpings;län;;;
Traryd  Markaryds;kommun; Kronobergs;län;;;
Trehörningsjö  Örnsköldsviks;kommun; Västernorrlands;län;;;
Trekanten  Kalmar;kommun; Kalmar;län;;;
Trelleborg  Trelleborgs;kommun; Skåne;län;;;
Trensum  Karlshamns;kommun; Blekinge;län;;;
Trollhättan  Trollhättans;kommun; Västra;Götalands;län;;
Trosa  Trosa;kommun; Södermanlands;län;;;
Tullinge  Botkyrka;kommun; Stockholms;län;;;
Tumba  Botkyrka;kommun; Stockholms;län;;;
Tun  Lidköpings;kommun; Västra;Götalands;län;;
Tungelsta  Haninge;kommun; Stockholms;län;;;
Tving  Karlskrona;kommun; Blekinge;län;;;
Tvååker  Varbergs;kommun; Hallands;län;;;
Tvärred  Ulricehamns;kommun; Västra;Götalands;län;;
Tvärålund  Vindelns;kommun; Västerbottens;län;;;
Tygelsjö  Malmö;kommun; Skåne;län;;;
Tyresö  Tyresö;kommun; Stockholms;län;;;
Tyringe  Hässleholms;kommun; Skåne;län;;;
Tystberga  Nyköpings;kommun; Södermanlands;län;;;
Tågarp  Svalövs;kommun; Skåne;län;;;
Täby  Täby;kommun; Stockholms;län;;;
Täfteå  Umeå;kommun; Västerbottens;län;;;
Tällberg  Leksands;kommun; Dalarnas;län;;;
Tänndalen  Härjedalens;kommun; Jämtlands;län;;;
Tännäs  Härjedalens;kommun; Jämtlands;län;;;
Tärendö  Pajala;kommun; Norrbottens;län;;;
Tärnaby  Storumans;kommun; Västerbottens;län;;;
Tärnsjö  Heby;kommun; Uppsala;län;;;
Tävelsås  Växjö;kommun; Kronobergs;län;;;
Töcksfors  Årjängs;kommun; Värmlands;län;;;
Töllsjö  Bollebygds;kommun; Västra;Götalands;län;;
Töre  Kalix;kommun; Norrbottens;län;;;
Töreboda  Töreboda;kommun; Västra;Götalands;län;;
Tösse  Åmåls;kommun; Västra;Götalands;län;;
Ucklum  Stenungsunds;kommun; Västra;Götalands;län;;
Uddebo  Tranemo;kommun; Västra;Götalands;län;;
Uddeholm  Hagfors;kommun; Värmlands;län;;;
Uddevalla  Uddevalla;kommun; Västra;Götalands;län;;
Ugglarp  Falkenbergs;kommun; Hallands;län;;;
Ullared  Falkenbergs;kommun; Hallands;län;;;
Ullatti  Gällivare;kommun; Norrbottens;län;;;
Ullånger  Kramfors;kommun; Västernorrlands;län;;;
Ulricehamn  Ulricehamns;kommun; Västra;Götalands;län;;
Ulrika  Linköpings;kommun; Östergötlands;län;;;
Ulvöhamn  Örnsköldsviks;kommun; Västernorrlands;län;;;
Umeå  Umeå;kommun; Västerbottens;län;;;
Undenäs  Karlsborgs;kommun; Västra;Götalands;län;;
Undersåker  Åre;kommun; Jämtlands;län;;;
Undrom  Sollefteå;kommun; Västernorrlands;län;;;
Unnaryd  Hylte;kommun; Hallands;län;;;
Upphärad  Trollhättans;kommun; Västra;Götalands;län;;
Upplands;Väsby  Upplands;Väsbys;kommun; Stockholms;län;
Uppsala  Uppsala;kommun; Uppsala;län;;;
Urshult  Tingsryds;kommun; Kronobergs;län;;;
Ursviken  Skellefteå;kommun; Västerbottens;län;;;
Uråsa  Växjö;kommun; Kronobergs;län;;;
Utansjö  Härnösands;kommun; Västernorrlands;län;;;
Uttran  Botkyrka;kommun; Stockholms;län;;;
Utö  Haninge;kommun; Stockholms;län;;;
Vadstena  Vadstena;kommun; Östergötlands;län;;;
Vaggeryd  Vaggeryds;kommun; Jönköpings;län;;;
Vagnhärad  Trosa;kommun; Södermanlands;län;;;
Valbo  Gävle;kommun; Gävleborgs;län;;;
Valdemarsvik  Valdemarsviks;kommun; Östergötlands;län;;;
Valla  Katrineholms;kommun; Södermanlands;län;;;
Vallberga  Laholms;kommun; Hallands;län;;;
Vallda  Kungsbacka;kommun; Hallands;län;;;
Vallentuna  Vallentuna;kommun; Stockholms;län;;;
Vallhamn  Tjörns;kommun; Västra;Götalands;län;;
Vallsta  Bollnäs;kommun; Gävleborgs;län;;;
Vallvik  Söderhamns;kommun; Gävleborgs;län;;;
Vallåkra  Helsingborgs;kommun; Skåne;län;;;
Valsjöbyn  Krokoms;kommun; Jämtlands;län;;;
Valskog  Kungsörs;kommun; Västmanlands;län;;;
Vankiva  Hässleholms;kommun; Skåne;län;;;
Vansbro  Vansbro;kommun; Dalarnas;län;;;
Vara  Vara;kommun; Västra;Götalands;län;;
Varberg  Varbergs;kommun; Hallands;län;;;
Varekil  Orusts;kommun; Västra;Götalands;län;;
Vargön  Vänersborgs;kommun; Västra;Götalands;län;;
Varnhem  Skara;kommun; Västra;Götalands;län;;
Vartofta  Falköpings;kommun; Västra;Götalands;län;;
Vassmolösa  Kalmar;kommun; Kalmar;län;;;
Vattholma  Uppsala;kommun; Uppsala;län;;;
Vaxholm  Vaxholms;kommun; Stockholms;län;;;
Veberöd  Lunds;kommun; Skåne;län;;;
Veddige  Varbergs;kommun; Hallands;län;;;
Vederslöv  Växjö;kommun; Kronobergs;län;;;
Vedevåg  Lindesbergs;kommun; Örebro;län;;;
Vedum  Vara;kommun; Västra;Götalands;län;;
Vega  Haninge;kommun; Stockholms;län;;;
Vegby  Ulricehamns;kommun; Västra;Götalands;län;;
Veinge  Laholms;kommun; Hallands;län;;;
Vejbystrand  Ängelholms;kommun; Skåne;län;;;
Vellinge  Vellinge;kommun; Skåne;län;;;
Vemdalen  Härjedalens;kommun; Jämtlands;län;;;
Vemhån  Härjedalens;kommun; Jämtlands;län;;;
Vena  Hultsfreds;kommun; Kalmar;län;;;
Vendelsö  Haninge;kommun; Stockholms;län;;;
Venjan  Mora;kommun; Dalarnas;län;;;
Vessigebro  Falkenbergs;kommun; Hallands;län;;;
Vetlanda  Vetlanda;kommun; Jönköpings;län;;;
Vettasjärvi  Gällivare;kommun; Norrbottens;län;;;
Vidsel  Älvsbyns;kommun; Norrbottens;län;;;
Vikarbyn  Rättviks;kommun; Dalarnas;län;;;
Vikbolandet  Norrköpings;kommun; Östergötlands;län;;;
Viken  Höganäs;kommun; Skåne;län;;;
Vikingstad  Linköpings;kommun; Östergötlands;län;;;
Vikmanshyttan  Hedemora;kommun; Dalarnas;län;;;
Viksjö  Härnösands;kommun; Västernorrlands;län;;;
Viksjöfors  Ovanåkers;kommun; Gävleborgs;län;;;
Vilhelmina  Vilhelmina;kommun; Västerbottens;län;;;
Villands;Vånga  Kristianstads;kommun; Skåne;län;;
Vilshult  Olofströms;kommun; Blekinge;län;;;
Vimmerby  Vimmerby;kommun; Kalmar;län;;;
Vinberg  Falkenbergs;kommun; Hallands;län;;;
Vindelgransele  Lycksele;kommun; Västerbottens;län;;;
Vindeln  Vindelns;kommun; Västerbottens;län;;;
Vingåker  Vingåkers;kommun; Södermanlands;län;;;
Vinninga  Lidköpings;kommun; Västra;Götalands;län;;
Vinslöv  Hässleholms;kommun; Skåne;län;;;
Vintrie  Malmö;kommun; Skåne;län;;;
Vintrosa  Örebro;kommun; Örebro;län;;;
Virestad  Älmhults;kommun; Kronobergs;län;;;
Virsbo  Surahammars;kommun; Västmanlands;län;;;
Virserum  Hultsfreds;kommun; Kalmar;län;;;
Visby  Gotlands;kommun; Gotlands;län;;;
Visingsö  Jönköpings;kommun; Jönköpings;län;;;
Viskafors  Borås;kommun; Västra;Götalands;län;;
Vislanda  Alvesta;kommun; Kronobergs;län;;;
Vissefjärda  Emmaboda;kommun; Kalmar;län;;;
Visseltofta  Osby;kommun; Skåne;län;;;
Vistträsk  Älvsbyns;kommun; Norrbottens;län;;;
Vitaby  Simrishamns;kommun; Skåne;län;;;
Vittangi  Kiruna;kommun; Norrbottens;län;;;
Vittaryd  Ljungby;kommun; Kronobergs;län;;;
Vittinge  Heby;kommun; Uppsala;län;;;
Vittsjö  Hässleholms;kommun; Skåne;län;;;
Vittskövle  Kristianstads;kommun; Skåne;län;;;
Vitå  Luleå;kommun; Norrbottens;län;;;
Vollsjö  Sjöbo;kommun; Skåne;län;;;
Vormsele  Lycksele;kommun; Västerbottens;län;;;
Voxnabruk  Ovanåkers;kommun; Gävleborgs;län;;;
Vrena  Nyköpings;kommun; Södermanlands;län;;;
Vreta;Kloster  Linköpings;kommun; Östergötlands;län;;
Vretstorp  Hallsbergs;kommun; Örebro;län;;;
Vrigstad  Sävsjö;kommun; Jönköpings;län;;;
Vrångö  Göteborgs;kommun; Västra;Götalands;län;;
Vuollerim  Jokkmokks;kommun; Norrbottens;län;;;
Vålberg  Karlstads;kommun; Värmlands;län;;;
Vålådalen  Åre;kommun; Jämtlands;län;;;
Våmhus  Mora;kommun; Dalarnas;län;;;
Vårby  Huddinge;kommun; Stockholms;län;;;
Vårgårda  Vårgårda;kommun; Västra;Götalands;län;;
Våxtorp  Laholms;kommun; Hallands;län;;;
Väckelsång  Tingsryds;kommun; Kronobergs;län;;;
Väddö  Norrtälje;kommun; Stockholms;län;;;
Väderstad  Mjölby;kommun; Östergötlands;län;;;
Väja  Kramfors;kommun; Västernorrlands;län;;;
Vällingby  Stockholms;kommun; Stockholms;län;;;
Vänersborg  Vänersborgs;kommun; Västra;Götalands;län;;
Vänersnäs  Vänersborgs;kommun; Västra;Götalands;län;;
Vänge  Uppsala;kommun; Uppsala;län;;;
Vännäs  Vännäs;kommun; Västerbottens;län;;;
Vännäsby  Vännäs;kommun; Västerbottens;län;;;
Värends;Nöbbele  Växjö;kommun; Kronobergs;län;;
Väring  Skövde;kommun; Västra;Götalands;län;;
Värmdö  Värmdö;kommun; Stockholms;län;;;
Värmlands;Nysäter  Säffle;kommun; Värmlands;län;;
Värmskog  Grums;kommun; Värmlands;län;;;
Värnamo  Värnamo;kommun; Jönköpings;län;;;
Värsås  Skövde;kommun; Västra;Götalands;län;;
Väröbacka  Varbergs;kommun; Hallands;län;;;
Väse  Karlstads;kommun; Värmlands;län;;;
Västerfärnebo  Sala;kommun; Västmanlands;län;;;
Västerhaninge  Haninge;kommun; Stockholms;län;;;
Västerlanda  Lilla;Edets;kommun; Västra;Götalands;län;
Västerljung  Trosa;kommun; Södermanlands;län;;;
Västervik  Västerviks;kommun; Kalmar;län;;;
Västerås  Västerås;kommun; Västmanlands;län;;;
Västra;Frölunda  Göteborgs;kommun; Västra;Götalands;län;
Västra;Karup  Båstads;kommun; Skåne;län;;
Västra;Näshulta  Eskilstuna;kommun; Södermanlands;län;;
Västra;Torup  Hässleholms;kommun; Skåne;län;;
Västra;Tunhem  Vänersborgs;kommun; Västra;Götalands;län;
Västra;Ämtervik  Sunne;kommun; Värmlands;län;;
Vätö  Norrtälje;kommun; Stockholms;län;;;
Växjö  Växjö;kommun; Kronobergs;län;;;
Ydre  Ydre;kommun; Östergötlands;län;;;
Yngsjö  Kristianstads;kommun; Skåne;län;;;
Ystad  Ystads;kommun; Skåne;län;;;
Ytterby  Kungälvs;kommun; Västra;Götalands;län;;
Ytterhogdal  Härjedalens;kommun; Jämtlands;län;;;
Yxlan  Norrtälje;kommun; Stockholms;län;;;
Zinkgruvan  Askersunds;kommun; Örebro;län;;;
Åby  Norrköpings;kommun; Östergötlands;län;;;
Åhus  Kristianstads;kommun; Skåne;län;;;
Åkarp  Burlövs;kommun; Skåne;län;;;
Åkers;Styckebruk  Strängnäs;kommun; Södermanlands;län;;
Åkersberga  Österåkers;kommun; Stockholms;län;;;
Ålberga  Nyköpings;kommun; Södermanlands;län;;;
Åled  Halmstads;kommun; Hallands;län;;;
Ålem  Mönsterås;kommun; Kalmar;län;;;
Åmmeberg  Askersunds;kommun; Örebro;län;;;
Åmotfors  Eda;kommun; Värmlands;län;;;
Åmotsbruk  Ockelbo;kommun; Gävleborgs;län;;;
Åmsele  Vindelns;kommun; Västerbottens;län;;;
Åmål  Åmåls;kommun; Västra;Götalands;län;;
Ånäset  Robertsfors;kommun; Västerbottens;län;;;
Ånge  Ånge;kommun; Västernorrlands;län;;;
Ånimskog  Åmåls;kommun; Västra;Götalands;län;;
Åre  Åre;kommun; Jämtlands;län;;;
Årjäng  Årjängs;kommun; Värmlands;län;;;
Årsta  Stockholms;kommun; Stockholms;län;;;
Årsta;Havsbad  Haninge;kommun; Stockholms;län;;
Årsunda  Sandvikens;kommun; Gävleborgs;län;;;
Åryd  Växjö;kommun; Kronobergs;län;;;
Ås  Krokoms;kommun; Jämtlands;län;;;
Åsa  Kungsbacka;kommun; Hallands;län;;;
Åsarna  Bergs;kommun; Jämtlands;län;;;
Åsarp  Falköpings;kommun; Västra;Götalands;län;;
Åsbro  Askersunds;kommun; Örebro;län;;;
Åseda  Uppvidinge;kommun; Kronobergs;län;;;
Åsele  Åsele;kommun; Västerbottens;län;;;
Åsenhöga  Gnosjö;kommun; Jönköpings;län;;;
Åsensbruk  Melleruds;kommun; Västra;Götalands;län;;
Åshammar  Sandvikens;kommun; Gävleborgs;län;;;
Åskloster  Varbergs;kommun; Hallands;län;;;
Åsljunga  Örkelljunga;kommun; Skåne;län;;;
Åstol  Tjörns;kommun; Västra;Götalands;län;;
Åstorp  Åstorps;kommun; Skåne;län;;;
Åtorp  Degerfors;kommun; Örebro;län;;;
Åtvidaberg  Åtvidabergs;kommun; Östergötlands;län;;;
Älandsbro  Härnösands;kommun; Västernorrlands;län;;;
Älekulla  Marks;kommun; Västra;Götalands;län;;
Älgarås  Töreboda;kommun; Västra;Götalands;län;;
Älghult  Uppvidinge;kommun; Kronobergs;län;;;
Älmeboda  Tingsryds;kommun; Kronobergs;län;;;
Älmestad  Ulricehamns;kommun; Västra;Götalands;län;;
Älmhult  Älmhults;kommun; Kronobergs;län;;;
Älta  Nacka;kommun; Stockholms;län;;;
Älvdalen  Älvdalens;kommun; Dalarnas;län;;;
Älvkarleby  Älvkarleby;kommun; Uppsala;län;;;
Älvsbyn  Älvsbyns;kommun; Norrbottens;län;;;
Älvsered  Falkenbergs;kommun; Hallands;län;;;
Älvsjö  Stockholms;kommun; Stockholms;län;;;
Älvängen  Ale;kommun; Västra;Götalands;län;;
Äng  Nässjö;kommun; Jönköpings;län;;;
Ängelholm  Ängelholms;kommun; Skåne;län;;;
Ängelsberg  Fagersta;kommun; Västmanlands;län;;;
Äppelbo  Vansbro;kommun; Dalarnas;län;;;
Ärla  Eskilstuna;kommun; Södermanlands;län;;;
Äspered  Borås;kommun; Västra;Götalands;län;;
Äsperöd  Sjöbo;kommun; Skåne;län;;;
Ätran  Falkenbergs;kommun; Hallands;län;;;
Öckerö  Öckerö;kommun; Västra;Götalands;län;;
Ödåkra  Helsingborgs;kommun; Skåne;län;;;
Ödåkra-Väla  Helsingborgs;kommun; Skåne;län;;;
Ödeborg  Färgelanda;kommun; Västra;Götalands;län;;
Ödeshög  Ödeshögs;kommun; Östergötlands;län;;;
Ödskölt  Bengtsfors;kommun; Västra;Götalands;län;;
Ödsmål  Stenungsunds;kommun; Västra;Götalands;län;;
Öje  Malung-Sälens;kommun; Dalarnas;län;;;
Öjebyn  Piteå;kommun; Norrbottens;län;;;
Öjersjö  Partille;kommun; Västra;Götalands;län;;
Ölsremma  Tranemo;kommun; Västra;Götalands;län;;
Önnestad  Kristianstads;kommun; Skåne;län;;;
Ör  Växjö;kommun; Kronobergs;län;;;
Örby  Marks;kommun; Västra;Götalands;län;;
Örbyhus  Tierps;kommun; Uppsala;län;;;
Örebro  Örebro;kommun; Örebro;län;;;
Öregrund  Östhammars;kommun; Uppsala;län;;;
Örkelljunga  Örkelljunga;kommun; Skåne;län;;;
Örnsköldsvik  Örnsköldsviks;kommun; Västernorrlands;län;;;
Örsjö  Nybro;kommun; Kalmar;län;;;
Örsundsbro  Enköpings;kommun; Uppsala;län;;;
Örträsk  Lycksele;kommun; Västerbottens;län;;;
Örviken  Skellefteå;kommun; Västerbottens;län;;;
Ösmo  Nynäshamns;kommun; Stockholms;län;;;
Östansjö  Hallsbergs;kommun; Örebro;län;;;
Östavall  Ånge;kommun; Västernorrlands;län;;;
Österbybruk  Östhammars;kommun; Uppsala;län;;;
Österfärnebo  Sandvikens;kommun; Gävleborgs;län;;;
Österhaninge  Haninge;kommun; Stockholms;län;;;
Österskär  Österåkers;kommun; Stockholms;län;;;
Östersund  Östersunds;kommun; Jämtlands;län;;;
Östervåla  Heby;kommun; Uppsala;län;;;
Östhammar  Östhammars;kommun; Uppsala;län;;;
Östmark  Torsby;kommun; Värmlands;län;;;
Östra;Frölunda  Svenljunga;kommun; Västra;Götalands;län;
Östra;Karup  Båstads;kommun; Skåne;län;;
Östra;Ljungby  Klippans;kommun; Skåne;län;;
Östra;Ryd  Söderköpings;kommun; Östergötlands;län;;
Östra;Sönnarslöv  Kristianstads;kommun; Skåne;län;;
Östra;Ämtervik  Sunne;kommun; Värmlands;län;;
Överhörnäs  Örnsköldsviks;kommun; Västernorrlands;län;;;
Överkalix  Överkalix;kommun; Norrbottens;län;;;
Överlida  Svenljunga;kommun; Västra;Götalands;län;;
Övertorneå  Övertorneå;kommun; Norrbottens;län;;;
Överturingen  Ånge;kommun; Västernorrlands;län;;;
Överum  Västerviks;kommun; Kalmar;län;;;
Övre;Soppero  Kiruna;kommun; Norrbottens;län;;
Öxabäck  Marks;kommun; Västra;Götalands;län;;
Öxnevalla  Marks;kommun; Västra;Götalands;län;;